-- phpMyAdmin SQL Dump
-- version 4.5.1
-- http://www.phpmyadmin.net
--
-- Host: 127.0.0.1
-- Generation Time: Jul 31, 2018 at 02:48 AM
-- Server version: 10.1.10-MariaDB
-- PHP Version: 5.6.15

SET SQL_MODE = "NO_AUTO_VALUE_ON_ZERO";
SET time_zone = "+00:00";


/*!40101 SET @OLD_CHARACTER_SET_CLIENT=@@CHARACTER_SET_CLIENT */;
/*!40101 SET @OLD_CHARACTER_SET_RESULTS=@@CHARACTER_SET_RESULTS */;
/*!40101 SET @OLD_COLLATION_CONNECTION=@@COLLATION_CONNECTION */;
/*!40101 SET NAMES utf8mb4 */;

--
-- Database: `gm_db`
--

-- --------------------------------------------------------

--
-- Table structure for table `event`
--

CREATE TABLE `event` (
  `event_id` int(11) NOT NULL,
  `state_id` int(11) NOT NULL,
  `group_code` varchar(300) NOT NULL,
  `event_code` varchar(300) NOT NULL,
  `collisied_pixel_id` int(11) DEFAULT NULL,
  `result_pixel` int(11) DEFAULT NULL
) ENGINE=InnoDB DEFAULT CHARSET=latin1;

--
-- Dumping data for table `event`
--

INSERT INTO `event` (`event_id`, `state_id`, `group_code`, `event_code`, `collisied_pixel_id`, `result_pixel`) VALUES
(13, 20, 'apple', 'RNDM_PSN', NULL, NULL),
(14, 20, 'snake', 'MOVING_COLLISION_VAR', 51, 58),
(37, 50, 'wall', 'FXD_PSN', NULL, NULL),
(38, 50, 'dot', 'FXD_PSN_DSTR', NULL, NULL),
(39, 50, 'pac_man', 'MOVING_COLLISION', 227, NULL);

-- --------------------------------------------------------

--
-- Table structure for table `games`
--

CREATE TABLE `games` (
  `game_id` int(11) NOT NULL,
  `user_id` int(11) NOT NULL,
  `game_name` varchar(300) NOT NULL,
  `game_ver` varchar(20) NOT NULL,
  `dimension` varchar(300) NOT NULL,
  `game_width` int(10) NOT NULL DEFAULT '4',
  `game_height` int(10) NOT NULL DEFAULT '4',
  `local_storage_name` varchar(300) NOT NULL
) ENGINE=InnoDB DEFAULT CHARSET=latin1;

--
-- Dumping data for table `games`
--

INSERT INTO `games` (`game_id`, `user_id`, `game_name`, `game_ver`, `dimension`, `game_width`, `game_height`, `local_storage_name`) VALUES
(7, 1, 'Snake', '1.0', '2D', 30, 22, 'Snake'),
(17, 1, 'pac_man', '1.0', '2D', 30, 22, 'pac_man');

-- --------------------------------------------------------

--
-- Table structure for table `game_key`
--

CREATE TABLE `game_key` (
  `game_key_id` int(11) NOT NULL,
  `game_id` int(11) NOT NULL,
  `key_name` varchar(100) NOT NULL,
  `key_code` varchar(50) NOT NULL,
  `active` varchar(1) NOT NULL
) ENGINE=InnoDB DEFAULT CHARSET=latin1;

--
-- Dumping data for table `game_key`
--

INSERT INTO `game_key` (`game_key_id`, `game_id`, `key_name`, `key_code`, `active`) VALUES
(37, 7, 'esc', 'esc', 'F'),
(38, 7, 'space', 'space', 'F'),
(39, 7, 'left', 'left', 'T'),
(40, 7, 'right', 'right', 'T'),
(41, 7, 'up', 'up', 'T'),
(42, 7, 'down', 'down', 'T'),
(97, 17, 'esc', 'esc', 'F'),
(98, 17, 'space', 'space', 'F'),
(99, 17, 'left', 'left', 'T'),
(100, 17, 'right', 'right', 'T'),
(101, 17, 'up', 'up', 'T'),
(102, 17, 'down', 'down', 'T');

-- --------------------------------------------------------

--
-- Table structure for table `game_states`
--

CREATE TABLE `game_states` (
  `state_id` int(11) NOT NULL,
  `game_id` int(11) NOT NULL,
  `state_name` varchar(300) NOT NULL,
  `shown_name` varchar(300) NOT NULL,
  `state_order` int(5) NOT NULL,
  `is_default` varchar(1) NOT NULL DEFAULT 'N'
) ENGINE=InnoDB DEFAULT CHARSET=latin1;

--
-- Dumping data for table `game_states`
--

INSERT INTO `game_states` (`state_id`, `game_id`, `state_name`, `shown_name`, `state_order`, `is_default`) VALUES
(19, 7, 'Menu', 'Menu', 1, 'Y'),
(20, 7, 'StartGame', 'StartGame', 2, 'Y'),
(21, 7, 'FinalState', 'FinalState', 10000, 'Y'),
(49, 17, 'Menu', 'Menu', 1, 'Y'),
(50, 17, 'StartGame', 'StartGame', 2, 'Y'),
(51, 17, 'FinalState', 'FinalState', 10000, 'Y');

-- --------------------------------------------------------

--
-- Table structure for table `state_img`
--

CREATE TABLE `state_img` (
  `state_img_id` int(11) NOT NULL,
  `state_id` int(11) NOT NULL,
  `img_type` varchar(1) NOT NULL,
  `file_id` varchar(11) NOT NULL,
  `set_as_btn` varchar(1) NOT NULL
) ENGINE=InnoDB DEFAULT CHARSET=latin1;

--
-- Dumping data for table `state_img`
--

INSERT INTO `state_img` (`state_img_id`, `state_id`, `img_type`, `file_id`, `set_as_btn`) VALUES
(11, 19, 'I', '1', 'T'),
(12, 20, 'C', '061f27', 'F'),
(13, 21, 'I', '2', 'T'),
(16, 49, 'I', '5', 'T'),
(17, 50, 'C', 'e06666', 'F');

-- --------------------------------------------------------

--
-- Table structure for table `state_pixel`
--

CREATE TABLE `state_pixel` (
  `state_pixel_id` int(11) NOT NULL,
  `state_id` int(11) NOT NULL,
  `row` int(11) NOT NULL,
  `cell` int(11) NOT NULL,
  `group_code` varchar(100) DEFAULT NULL,
  `content` varchar(10) NOT NULL,
  `content_type` varchar(10) NOT NULL,
  `text_color` varchar(10) DEFAULT NULL,
  `font_family` varchar(100) DEFAULT 'sans-serif'
) ENGINE=InnoDB DEFAULT CHARSET=latin1;

--
-- Dumping data for table `state_pixel`
--

INSERT INTO `state_pixel` (`state_pixel_id`, `state_id`, `row`, `cell`, `group_code`, `content`, `content_type`, `text_color`, `font_family`) VALUES
(51, 20, 12, 22, 'apple', '2', 'PNT', '#208f19', ''),
(52, 20, 0, 23, '', 'S', 'LBL', '#ffd966', 'sans-serif'),
(53, 20, 0, 24, '', 'c', 'LBL', '#ffd966', 'sans-serif'),
(54, 20, 0, 25, '', 'o', 'LBL', '#ffd966', 'sans-serif'),
(55, 20, 0, 26, '', 'r', 'LBL', '#ffd966', 'sans-serif'),
(56, 20, 0, 27, '', 'e', 'LBL', '#ffd966', 'sans-serif'),
(57, 20, 0, 28, '', ':', 'LBL', '#ffd966', 'sans-serif'),
(58, 20, 0, 29, '', '0', 'LBL', '#ffd966', 'sans-serif'),
(59, 20, 4, 9, 'snake', '1', 'PNT', '#208f19', ''),
(60, 20, 5, 9, 'snake', '1', 'PNT', '#208f19', ''),
(61, 20, 6, 9, 'snake', '1', 'PNT', '#208f19', ''),
(62, 20, 7, 9, 'snake', '1', 'PNT', '#208f19', ''),
(104, 50, 0, 29, 'wall', '3', 'PNT', '#208f19', ''),
(105, 50, 0, 28, 'wall', '3', 'PNT', '#208f19', ''),
(106, 50, 0, 27, 'wall', '3', 'PNT', '#208f19', ''),
(107, 50, 0, 26, 'wall', '3', 'PNT', '#208f19', ''),
(108, 50, 0, 25, 'wall', '3', 'PNT', '#208f19', ''),
(109, 50, 0, 24, 'wall', '3', 'PNT', '#208f19', ''),
(110, 50, 0, 23, 'wall', '3', 'PNT', '#208f19', ''),
(111, 50, 0, 22, 'wall', '3', 'PNT', '#208f19', ''),
(112, 50, 0, 21, 'wall', '3', 'PNT', '#208f19', ''),
(113, 50, 0, 20, 'wall', '3', 'PNT', '#208f19', ''),
(114, 50, 0, 19, 'wall', '3', 'PNT', '#208f19', ''),
(115, 50, 0, 18, 'wall', '3', 'PNT', '#208f19', ''),
(116, 50, 0, 17, 'wall', '3', 'PNT', '#208f19', ''),
(117, 50, 0, 16, 'wall', '3', 'PNT', '#208f19', ''),
(118, 50, 0, 15, 'wall', '3', 'PNT', '#208f19', ''),
(119, 50, 0, 14, 'wall', '3', 'PNT', '#208f19', ''),
(120, 50, 0, 13, 'wall', '3', 'PNT', '#208f19', ''),
(121, 50, 0, 12, 'wall', '3', 'PNT', '#208f19', ''),
(122, 50, 0, 11, 'wall', '3', 'PNT', '#208f19', ''),
(123, 50, 0, 10, 'wall', '3', 'PNT', '#208f19', ''),
(124, 50, 0, 9, 'wall', '3', 'PNT', '#208f19', ''),
(125, 50, 0, 8, 'wall', '3', 'PNT', '#208f19', ''),
(126, 50, 0, 7, 'wall', '3', 'PNT', '#208f19', ''),
(127, 50, 0, 6, 'wall', '3', 'PNT', '#208f19', ''),
(128, 50, 0, 5, 'wall', '3', 'PNT', '#208f19', ''),
(129, 50, 0, 4, 'wall', '3', 'PNT', '#208f19', ''),
(130, 50, 0, 3, 'wall', '3', 'PNT', '#208f19', ''),
(131, 50, 0, 2, 'wall', '3', 'PNT', '#208f19', ''),
(132, 50, 0, 1, 'wall', '3', 'PNT', '#208f19', ''),
(133, 50, 0, 0, 'wall', '3', 'PNT', '#208f19', ''),
(134, 50, 1, 29, 'wall', '3', 'PNT', '#208f19', ''),
(135, 50, 2, 29, 'wall', '3', 'PNT', '#208f19', ''),
(136, 50, 3, 29, 'wall', '3', 'PNT', '#208f19', ''),
(137, 50, 4, 29, 'wall', '3', 'PNT', '#208f19', ''),
(138, 50, 5, 29, 'wall', '3', 'PNT', '#208f19', ''),
(139, 50, 6, 29, 'wall', '3', 'PNT', '#208f19', ''),
(140, 50, 7, 29, 'wall', '3', 'PNT', '#208f19', ''),
(141, 50, 8, 29, 'wall', '3', 'PNT', '#208f19', ''),
(142, 50, 9, 29, 'wall', '3', 'PNT', '#208f19', ''),
(143, 50, 10, 29, 'wall', '3', 'PNT', '#208f19', ''),
(144, 50, 11, 29, 'wall', '3', 'PNT', '#208f19', ''),
(145, 50, 12, 29, 'wall', '3', 'PNT', '#208f19', ''),
(146, 50, 13, 29, 'wall', '3', 'PNT', '#208f19', ''),
(147, 50, 14, 29, 'wall', '3', 'PNT', '#208f19', ''),
(148, 50, 15, 29, 'wall', '3', 'PNT', '#208f19', ''),
(149, 50, 16, 29, 'wall', '3', 'PNT', '#208f19', ''),
(150, 50, 17, 29, 'wall', '3', 'PNT', '#208f19', ''),
(151, 50, 18, 29, 'wall', '3', 'PNT', '#208f19', ''),
(152, 50, 19, 29, 'wall', '3', 'PNT', '#208f19', ''),
(153, 50, 20, 29, 'wall', '3', 'PNT', '#208f19', ''),
(154, 50, 21, 29, 'wall', '3', 'PNT', '#208f19', ''),
(155, 50, 21, 28, 'wall', '3', 'PNT', '#208f19', ''),
(156, 50, 21, 27, 'wall', '3', 'PNT', '#208f19', ''),
(157, 50, 21, 26, 'wall', '3', 'PNT', '#208f19', ''),
(158, 50, 21, 25, 'wall', '3', 'PNT', '#208f19', ''),
(159, 50, 21, 24, 'wall', '3', 'PNT', '#208f19', ''),
(160, 50, 21, 23, 'wall', '3', 'PNT', '#208f19', ''),
(161, 50, 21, 22, 'wall', '3', 'PNT', '#208f19', ''),
(162, 50, 21, 21, 'wall', '3', 'PNT', '#208f19', ''),
(163, 50, 21, 20, 'wall', '3', 'PNT', '#208f19', ''),
(164, 50, 21, 19, 'wall', '3', 'PNT', '#208f19', ''),
(165, 50, 21, 18, 'wall', '3', 'PNT', '#208f19', ''),
(166, 50, 21, 17, 'wall', '3', 'PNT', '#208f19', ''),
(167, 50, 21, 16, 'wall', '3', 'PNT', '#208f19', ''),
(168, 50, 21, 15, 'wall', '3', 'PNT', '#208f19', ''),
(169, 50, 21, 14, 'wall', '3', 'PNT', '#208f19', ''),
(170, 50, 21, 13, 'wall', '3', 'PNT', '#208f19', ''),
(171, 50, 21, 12, 'wall', '3', 'PNT', '#208f19', ''),
(172, 50, 21, 11, 'wall', '3', 'PNT', '#208f19', ''),
(173, 50, 21, 10, 'wall', '3', 'PNT', '#208f19', ''),
(174, 50, 21, 9, 'wall', '3', 'PNT', '#208f19', ''),
(175, 50, 21, 8, 'wall', '3', 'PNT', '#208f19', ''),
(176, 50, 21, 7, 'wall', '3', 'PNT', '#208f19', ''),
(177, 50, 21, 6, 'wall', '3', 'PNT', '#208f19', ''),
(178, 50, 21, 5, 'wall', '3', 'PNT', '#208f19', ''),
(179, 50, 21, 4, 'wall', '3', 'PNT', '#208f19', ''),
(180, 50, 21, 3, 'wall', '3', 'PNT', '#208f19', ''),
(181, 50, 21, 2, 'wall', '3', 'PNT', '#208f19', ''),
(182, 50, 21, 1, 'wall', '3', 'PNT', '#208f19', ''),
(183, 50, 21, 0, 'wall', '3', 'PNT', '#208f19', ''),
(184, 50, 20, 0, 'wall', '3', 'PNT', '#208f19', ''),
(185, 50, 19, 0, 'wall', '3', 'PNT', '#208f19', ''),
(186, 50, 18, 0, 'wall', '3', 'PNT', '#208f19', ''),
(187, 50, 17, 0, 'wall', '3', 'PNT', '#208f19', ''),
(188, 50, 16, 0, 'wall', '3', 'PNT', '#208f19', ''),
(189, 50, 15, 0, 'wall', '3', 'PNT', '#208f19', ''),
(190, 50, 1, 0, 'wall', '3', 'PNT', '#208f19', ''),
(191, 50, 2, 0, 'wall', '3', 'PNT', '#208f19', ''),
(192, 50, 3, 0, 'wall', '3', 'PNT', '#208f19', ''),
(193, 50, 4, 0, 'wall', '3', 'PNT', '#208f19', ''),
(194, 50, 5, 0, 'wall', '3', 'PNT', '#208f19', ''),
(195, 50, 6, 0, 'wall', '3', 'PNT', '#208f19', ''),
(196, 50, 7, 0, 'wall', '3', 'PNT', '#208f19', ''),
(197, 50, 8, 0, 'wall', '3', 'PNT', '#208f19', ''),
(198, 50, 9, 0, 'wall', '3', 'PNT', '#208f19', ''),
(199, 50, 10, 0, 'wall', '3', 'PNT', '#208f19', ''),
(200, 50, 11, 0, 'wall', '3', 'PNT', '#208f19', ''),
(201, 50, 12, 0, 'wall', '3', 'PNT', '#208f19', ''),
(202, 50, 13, 0, 'wall', '3', 'PNT', '#208f19', ''),
(203, 50, 14, 0, 'wall', '3', 'PNT', '#208f19', ''),
(204, 50, 6, 14, 'wall', '3', 'PNT', '#208f19', ''),
(205, 50, 7, 14, 'wall', '3', 'PNT', '#208f19', ''),
(206, 50, 8, 14, 'wall', '3', 'PNT', '#208f19', ''),
(207, 50, 9, 14, 'wall', '3', 'PNT', '#208f19', ''),
(208, 50, 10, 14, 'wall', '3', 'PNT', '#208f19', ''),
(209, 50, 11, 14, 'wall', '3', 'PNT', '#208f19', ''),
(210, 50, 12, 14, 'wall', '3', 'PNT', '#208f19', ''),
(211, 50, 9, 15, 'wall', '3', 'PNT', '#208f19', ''),
(212, 50, 9, 13, 'wall', '3', 'PNT', '#208f19', ''),
(213, 50, 9, 16, 'wall', '3', 'PNT', '#208f19', ''),
(214, 50, 9, 12, 'wall', '3', 'PNT', '#208f19', ''),
(215, 50, 9, 17, 'wall', '3', 'PNT', '#208f19', ''),
(216, 50, 9, 11, 'wall', '3', 'PNT', '#208f19', ''),
(217, 50, 9, 18, 'wall', '3', 'PNT', '#208f19', ''),
(218, 50, 5, 14, 'wall', '3', 'PNT', '#208f19', ''),
(219, 50, 9, 10, 'wall', '3', 'PNT', '#208f19', ''),
(220, 50, 13, 14, 'wall', '3', 'PNT', '#208f19', ''),
(221, 50, 8, 10, 'dot', '3', 'IMG', '#208f19', ''),
(222, 50, 8, 11, 'dot', '3', 'IMG', '#208f19', ''),
(223, 50, 8, 12, 'dot', '3', 'IMG', '#208f19', ''),
(224, 50, 8, 13, 'dot', '3', 'IMG', '#208f19', ''),
(225, 50, 7, 13, 'dot', '3', 'IMG', '#208f19', ''),
(226, 50, 6, 13, 'dot', '3', 'IMG', '#208f19', ''),
(227, 50, 5, 13, 'dot', '3', 'IMG', '#208f19', ''),
(228, 50, 10, 15, 'dot', '3', 'IMG', '#208f19', ''),
(229, 50, 10, 16, 'dot', '3', 'IMG', '#208f19', ''),
(230, 50, 11, 15, 'dot', '3', 'IMG', '#208f19', ''),
(231, 50, 10, 17, 'dot', '3', 'IMG', '#208f19', ''),
(232, 50, 12, 15, 'dot', '3', 'IMG', '#208f19', ''),
(233, 50, 10, 18, 'dot', '3', 'IMG', '#208f19', ''),
(234, 50, 13, 15, 'dot', '3', 'IMG', '#208f19', ''),
(235, 50, 4, 25, 'dot', '3', 'IMG', '#208f19', ''),
(236, 50, 5, 25, 'dot', '3', 'IMG', '#208f19', ''),
(237, 50, 6, 25, 'dot', '3', 'IMG', '#208f19', ''),
(238, 50, 17, 4, 'dot', '3', 'IMG', '#208f19', ''),
(239, 50, 16, 4, 'dot', '3', 'IMG', '#208f19', ''),
(240, 50, 15, 4, 'dot', '3', 'IMG', '#208f19', ''),
(241, 50, 4, 4, 'pac_man', '4', 'IMG', '#208f19', '');

-- --------------------------------------------------------

--
-- Table structure for table `users`
--

CREATE TABLE `users` (
  `user_id` int(11) NOT NULL,
  `first_name` varchar(300) NOT NULL,
  `last_name` varchar(300) NOT NULL,
  `user_name` varchar(300) NOT NULL,
  `password` varchar(300) NOT NULL
) ENGINE=InnoDB DEFAULT CHARSET=latin1;

--
-- Dumping data for table `users`
--

INSERT INTO `users` (`user_id`, `first_name`, `last_name`, `user_name`, `password`) VALUES
(1, 'Mohammad', 'Jasem', 'MJ1995', '02159023_M');

-- --------------------------------------------------------

--
-- Table structure for table `user_files`
--

CREATE TABLE `user_files` (
  `file_id` int(11) NOT NULL,
  `file_name` varchar(300) NOT NULL,
  `file_ext` varchar(300) NOT NULL,
  `file_type` varchar(10) NOT NULL,
  `user_id` int(11) NOT NULL
) ENGINE=InnoDB DEFAULT CHARSET=latin1;

--
-- Dumping data for table `user_files`
--

INSERT INTO `user_files` (`file_id`, `file_name`, `file_ext`, `file_type`, `user_id`) VALUES
(1, 'menu_snake', 'png', 'IMAGE', 1),
(2, 'over_snake', 'png', 'IMAGE', 1),
(3, 'dot', 'png', 'IMAGE', 1),
(4, 'pac_man', 'png', 'IMAGE', 1),
(5, 'menu_pac_man', 'jpg', 'IMAGE', 1);

-- --------------------------------------------------------

--
-- Table structure for table `user_paints`
--

CREATE TABLE `user_paints` (
  `paint_id` int(11) NOT NULL,
  `user_id` int(11) NOT NULL,
  `paint_name` varchar(300) NOT NULL,
  `paint_colors` longtext NOT NULL
) ENGINE=InnoDB DEFAULT CHARSET=latin1;

--
-- Dumping data for table `user_paints`
--

INSERT INTO `user_paints` (`paint_id`, `user_id`, `paint_name`, `paint_colors`) VALUES
(1, 1, 'snake', '0-0-0-0-0-0-0-0-0-0-0-0-0-0-0-0-0-0-0-0-0-0-0-0-0-0-0-0-0-0-0-0-0-0-0-0-0-0-0-0-0-0-0-0-0-0-0-0-0-0-0-0-0-0-0-0-0-0-0-0-0-0-0-0-0-0-0-0-0-0-0-0-0-0-0-0-0-0-0-0-0-0-0-0-0-0-0-0-0-0-0-0-0-0-0-0-0-0-0-0-0-0-0-0-0-0-0-0-0-0-0-0-0-0-0-0-0-0-0-0-0-0-0-0-0-0-0-0-0-0-0-0-0-0-0-0-0-0-0-0-0-0-0-0-0-0-0-0-0-0-0-0-0-0-0-0-0-0-0-0-0-0-0-0-0-0-0-0-0-0-0-0-0-0-0-0-0-0-0-0-0-0-0-0-0-0-0-0-0-0-0-0-0-0-0-0-0-0-0-0-0-0-0-0-0-0-0-0-0-0-0-0-0-0-0-0-0-0-0-0-0-0-0-0-0-0-0-0-0-0-0-0-0-0-0-0-0-0-0-0-0-0-0-0-0-0-0-0-0-0-0-0-0-0-0-0-0-0-0-0-0-0-0-0-0-0-0-0-0-0-0-0-0-0-0-0-0-0-0-0-0-0-0-0-0-0-0-0-0-0-0-0-0-0-0-0-0-0-0-0-0-0-0-0-0-0-0-0-0-0-0-0-0-0-0-0-0-0-0-0-0-0-0-0-0-0-0-0-0-0-0-0-0-0-0-0-0-0-0-0-0-0-0-0-0-0-0-0-0-0-0-0-0-0-0-0-0-0-0-0-0-0-0-0-0-0-0-0-0-0-0-0-0-0-0-0-0-0-0-0-0-0-0-0-0-0-0-0-0-0-24-227-227-24-227-227-24-227-227-24-227-227-24-227-227-24-227-227-24-227-227-24-227-227-24-227-227-24-227-227-24-227-227-24-227-227-24-227-227-24-227-227-24-227-227-24-227-227-24-227-227-24-227-227-24-227-227-24-227-227-24-227-227-24-227-227-24-227-227-24-227-227-24-227-227-24-227-227-24-227-227-24-227-227-24-227-227-24-227-227-24-227-227-24-227-227-24-227-227-24-227-227-24-227-227-24-227-227-24-227-227-24-227-227-24-227-227-24-227-227-24-227-227-24-227-227-24-227-227-24-227-227-24-227-227-24-227-227-24-227-227-24-227-227-24-227-227-24-227-227-24-227-227-24-227-227-24-227-227-24-227-227-24-227-227-24-227-227-24-227-227-24-227-227-24-227-227-24-227-227-0-0-0-0-0-0-0-0-0-0-0-0-24-227-227-24-227-227-24-227-227-24-227-227-24-227-227-24-227-227-24-227-227-24-227-227-24-227-227-24-227-227-24-227-227-24-227-227-24-227-227-24-227-227-24-227-227-24-227-227-24-227-227-24-227-227-24-227-227-24-227-227-24-227-227-24-227-227-24-227-227-24-227-227-24-227-227-24-227-227-24-227-227-24-227-227-24-227-227-24-227-227-24-227-227-24-227-227-24-227-227-24-227-227-24-227-227-24-227-227-24-227-227-24-227-227-24-227-227-24-227-227-24-227-227-24-227-227-24-227-227-24-227-227-24-227-227-24-227-227-24-227-227-24-227-227-24-227-227-24-227-227-24-227-227-24-227-227-24-227-227-24-227-227-24-227-227-24-227-227-24-227-227-24-227-227-24-227-227-24-227-227-0-0-0-0-0-0-0-0-0-0-0-0-24-227-227-24-227-227-24-227-227-24-227-227-24-227-227-24-227-227-24-227-227-24-227-227-24-227-227-24-227-227-24-227-227-24-227-227-24-227-227-24-227-227-24-227-227-24-227-227-24-227-227-24-227-227-24-227-227-24-227-227-24-227-227-24-227-227-24-227-227-24-227-227-24-227-227-24-227-227-24-227-227-24-227-227-24-227-227-24-227-227-24-227-227-24-227-227-24-227-227-24-227-227-24-227-227-24-227-227-24-227-227-24-227-227-24-227-227-24-227-227-24-227-227-24-227-227-24-227-227-24-227-227-24-227-227-24-227-227-24-227-227-24-227-227-24-227-227-24-227-227-24-227-227-24-227-227-24-227-227-24-227-227-24-227-227-24-227-227-24-227-227-24-227-227-24-227-227-24-227-227-0-0-0-0-0-0-0-0-0-0-0-0-24-227-227-24-227-227-24-227-227-24-227-227-24-227-227-24-227-227-24-227-227-24-227-227-24-227-227-24-227-227-24-227-227-24-227-227-24-227-227-24-227-227-24-227-227-24-227-227-24-227-227-24-227-227-24-227-227-24-227-227-24-227-227-24-227-227-24-227-227-24-227-227-24-227-227-24-227-227-24-227-227-24-227-227-24-227-227-24-227-227-24-227-227-24-227-227-24-227-227-24-227-227-24-227-227-24-227-227-24-227-227-24-227-227-24-227-227-24-227-227-24-227-227-24-227-227-24-227-227-24-227-227-24-227-227-24-227-227-24-227-227-24-227-227-24-227-227-24-227-227-24-227-227-24-227-227-24-227-227-24-227-227-24-227-227-24-227-227-24-227-227-24-227-227-24-227-227-24-227-227-0-0-0-0-0-0-0-0-0-0-0-0-24-227-227-24-227-227-24-227-227-24-227-227-24-227-227-24-227-227-24-227-227-24-227-227-24-227-227-24-227-227-24-227-227-24-227-227-24-227-227-24-227-227-24-227-227-24-227-227-24-227-227-24-227-227-24-227-227-24-227-227-24-227-227-24-227-227-24-227-227-24-227-227-24-227-227-24-227-227-24-227-227-24-227-227-24-227-227-24-227-227-24-227-227-24-227-227-24-227-227-24-227-227-24-227-227-24-227-227-24-227-227-24-227-227-24-227-227-24-227-227-24-227-227-24-227-227-24-227-227-24-227-227-24-227-227-24-227-227-24-227-227-24-227-227-24-227-227-24-227-227-24-227-227-24-227-227-24-227-227-24-227-227-24-227-227-24-227-227-24-227-227-24-227-227-24-227-227-24-227-227-0-0-0-0-0-0-0-0-0-0-0-0-24-227-227-24-227-227-24-227-227-24-227-227-24-227-227-24-227-227-24-227-227-24-227-227-24-227-227-24-227-227-24-227-227-24-227-227-24-227-227-24-227-227-24-227-227-24-227-227-24-227-227-24-227-227-24-227-227-24-227-227-24-227-227-24-227-227-24-227-227-24-227-227-24-227-227-24-227-227-24-227-227-24-227-227-24-227-227-24-227-227-24-227-227-24-227-227-24-227-227-24-227-227-24-227-227-24-227-227-24-227-227-24-227-227-24-227-227-24-227-227-24-227-227-24-227-227-24-227-227-24-227-227-24-227-227-24-227-227-24-227-227-24-227-227-24-227-227-24-227-227-24-227-227-24-227-227-24-227-227-24-227-227-24-227-227-24-227-227-24-227-227-24-227-227-24-227-227-24-227-227-0-0-0-0-0-0-0-0-0-0-0-0-24-227-227-24-227-227-24-227-227-24-227-227-24-227-227-24-227-227-24-227-227-24-227-227-24-227-227-24-227-227-24-227-227-24-227-227-24-227-227-24-227-227-24-227-227-24-227-227-24-227-227-24-227-227-24-227-227-24-227-227-24-227-227-24-227-227-24-227-227-24-227-227-24-227-227-24-227-227-24-227-227-24-227-227-24-227-227-24-227-227-24-227-227-24-227-227-24-227-227-24-227-227-24-227-227-24-227-227-24-227-227-24-227-227-24-227-227-24-227-227-24-227-227-24-227-227-24-227-227-24-227-227-24-227-227-24-227-227-24-227-227-24-227-227-24-227-227-24-227-227-24-227-227-24-227-227-24-227-227-24-227-227-24-227-227-24-227-227-24-227-227-24-227-227-24-227-227-24-227-227-0-0-0-0-0-0-0-0-0-0-0-0-24-227-227-24-227-227-24-227-227-24-227-227-24-227-227-24-227-227-24-227-227-24-227-227-24-227-227-24-227-227-24-227-227-24-227-227-24-227-227-24-227-227-24-227-227-24-227-227-24-227-227-24-227-227-24-227-227-24-227-227-24-227-227-24-227-227-24-227-227-24-227-227-24-227-227-24-227-227-24-227-227-24-227-227-24-227-227-24-227-227-24-227-227-24-227-227-24-227-227-24-227-227-24-227-227-24-227-227-24-227-227-24-227-227-24-227-227-24-227-227-24-227-227-24-227-227-24-227-227-24-227-227-24-227-227-24-227-227-24-227-227-24-227-227-24-227-227-24-227-227-24-227-227-24-227-227-24-227-227-24-227-227-24-227-227-24-227-227-24-227-227-24-227-227-24-227-227-24-227-227-0-0-0-0-0-0-0-0-0-0-0-0-24-227-227-24-227-227-24-227-227-24-227-227-24-227-227-24-227-227-24-227-227-24-227-227-24-227-227-24-227-227-24-227-227-24-227-227-24-227-227-24-227-227-24-227-227-24-227-227-24-227-227-24-227-227-24-227-227-24-227-227-24-227-227-24-227-227-24-227-227-24-227-227-24-227-227-24-227-227-24-227-227-24-227-227-24-227-227-24-227-227-24-227-227-24-227-227-24-227-227-24-227-227-24-227-227-24-227-227-24-227-227-24-227-227-24-227-227-24-227-227-24-227-227-24-227-227-24-227-227-24-227-227-24-227-227-24-227-227-24-227-227-24-227-227-24-227-227-24-227-227-24-227-227-24-227-227-24-227-227-24-227-227-24-227-227-24-227-227-24-227-227-24-227-227-24-227-227-24-227-227-0-0-0-0-0-0-0-0-0-0-0-0-24-227-227-24-227-227-24-227-227-24-227-227-24-227-227-24-227-227-24-227-227-24-227-227-24-227-227-24-227-227-24-227-227-24-227-227-24-227-227-24-227-227-24-227-227-24-227-227-24-227-227-24-227-227-24-227-227-24-227-227-24-227-227-24-227-227-24-227-227-24-227-227-24-227-227-24-227-227-24-227-227-24-227-227-24-227-227-24-227-227-24-227-227-24-227-227-24-227-227-24-227-227-24-227-227-24-227-227-24-227-227-24-227-227-24-227-227-24-227-227-24-227-227-24-227-227-24-227-227-24-227-227-24-227-227-24-227-227-24-227-227-24-227-227-24-227-227-24-227-227-24-227-227-24-227-227-24-227-227-24-227-227-24-227-227-24-227-227-24-227-227-24-227-227-24-227-227-24-227-227-0-0-0-0-0-0-0-0-0-0-0-0-24-227-227-24-227-227-24-227-227-24-227-227-24-227-227-24-227-227-24-227-227-24-227-227-24-227-227-24-227-227-24-227-227-24-227-227-24-227-227-24-227-227-24-227-227-24-227-227-24-227-227-24-227-227-24-227-227-24-227-227-24-227-227-24-227-227-24-227-227-24-227-227-24-227-227-24-227-227-24-227-227-24-227-227-24-227-227-24-227-227-24-227-227-24-227-227-24-227-227-24-227-227-24-227-227-24-227-227-24-227-227-24-227-227-24-227-227-24-227-227-24-227-227-24-227-227-24-227-227-24-227-227-24-227-227-24-227-227-24-227-227-24-227-227-24-227-227-24-227-227-24-227-227-24-227-227-24-227-227-24-227-227-24-227-227-24-227-227-24-227-227-24-227-227-24-227-227-24-227-227-0-0-0-0-0-0-0-0-0-0-0-0-24-227-227-24-227-227-24-227-227-24-227-227-24-227-227-24-227-227-24-227-227-24-227-227-24-227-227-24-227-227-24-227-227-24-227-227-24-227-227-24-227-227-24-227-227-24-227-227-24-227-227-24-227-227-24-227-227-24-227-227-24-227-227-24-227-227-24-227-227-24-227-227-24-227-227-24-227-227-24-227-227-24-227-227-24-227-227-24-227-227-24-227-227-24-227-227-24-227-227-24-227-227-24-227-227-24-227-227-24-227-227-24-227-227-24-227-227-24-227-227-24-227-227-24-227-227-24-227-227-24-227-227-24-227-227-24-227-227-24-227-227-24-227-227-24-227-227-24-227-227-24-227-227-24-227-227-24-227-227-24-227-227-24-227-227-24-227-227-24-227-227-24-227-227-24-227-227-24-227-227-0-0-0-0-0-0-0-0-0-0-0-0-24-227-227-24-227-227-24-227-227-24-227-227-24-227-227-24-227-227-24-227-227-24-227-227-24-227-227-24-227-227-24-227-227-24-227-227-24-227-227-24-227-227-24-227-227-24-227-227-24-227-227-24-227-227-24-227-227-24-227-227-24-227-227-24-227-227-24-227-227-24-227-227-24-227-227-24-227-227-24-227-227-24-227-227-24-227-227-24-227-227-24-227-227-24-227-227-24-227-227-24-227-227-24-227-227-24-227-227-24-227-227-24-227-227-24-227-227-24-227-227-24-227-227-24-227-227-24-227-227-24-227-227-24-227-227-24-227-227-24-227-227-24-227-227-24-227-227-24-227-227-24-227-227-24-227-227-24-227-227-24-227-227-24-227-227-24-227-227-24-227-227-24-227-227-24-227-227-24-227-227-0-0-0-0-0-0-0-0-0-0-0-0-24-227-227-24-227-227-24-227-227-24-227-227-24-227-227-24-227-227-24-227-227-24-227-227-24-227-227-24-227-227-24-227-227-24-227-227-24-227-227-24-227-227-24-227-227-24-227-227-24-227-227-24-227-227-24-227-227-24-227-227-24-227-227-24-227-227-24-227-227-24-227-227-24-227-227-24-227-227-24-227-227-24-227-227-24-227-227-24-227-227-24-227-227-24-227-227-24-227-227-24-227-227-24-227-227-24-227-227-24-227-227-24-227-227-24-227-227-24-227-227-24-227-227-24-227-227-24-227-227-24-227-227-24-227-227-24-227-227-24-227-227-24-227-227-24-227-227-24-227-227-24-227-227-24-227-227-24-227-227-24-227-227-24-227-227-24-227-227-24-227-227-24-227-227-24-227-227-24-227-227-0-0-0-0-0-0-0-0-0-0-0-0-24-227-227-24-227-227-24-227-227-24-227-227-24-227-227-24-227-227-24-227-227-24-227-227-24-227-227-24-227-227-24-227-227-24-227-227-24-227-227-24-227-227-24-227-227-24-227-227-24-227-227-24-227-227-24-227-227-24-227-227-24-227-227-24-227-227-24-227-227-24-227-227-24-227-227-24-227-227-24-227-227-24-227-227-24-227-227-24-227-227-24-227-227-24-227-227-24-227-227-24-227-227-24-227-227-24-227-227-24-227-227-24-227-227-24-227-227-24-227-227-24-227-227-24-227-227-24-227-227-24-227-227-24-227-227-24-227-227-24-227-227-24-227-227-24-227-227-24-227-227-24-227-227-24-227-227-24-227-227-24-227-227-24-227-227-24-227-227-24-227-227-24-227-227-24-227-227-24-227-227-0-0-0-0-0-0-0-0-0-0-0-0-24-227-227-24-227-227-24-227-227-24-227-227-24-227-227-24-227-227-24-227-227-24-227-227-24-227-227-24-227-227-24-227-227-24-227-227-24-227-227-24-227-227-24-227-227-24-227-227-24-227-227-24-227-227-24-227-227-24-227-227-24-227-227-24-227-227-24-227-227-24-227-227-24-227-227-24-227-227-24-227-227-24-227-227-24-227-227-24-227-227-24-227-227-24-227-227-24-227-227-24-227-227-24-227-227-24-227-227-24-227-227-24-227-227-24-227-227-24-227-227-24-227-227-24-227-227-24-227-227-24-227-227-24-227-227-24-227-227-24-227-227-24-227-227-24-227-227-24-227-227-24-227-227-24-227-227-24-227-227-24-227-227-24-227-227-24-227-227-24-227-227-24-227-227-24-227-227-24-227-227-0-0-0-0-0-0-0-0-0-0-0-0-24-227-227-24-227-227-24-227-227-24-227-227-24-227-227-24-227-227-24-227-227-24-227-227-24-227-227-24-227-227-24-227-227-24-227-227-24-227-227-24-227-227-24-227-227-24-227-227-24-227-227-24-227-227-24-227-227-24-227-227-24-227-227-24-227-227-24-227-227-24-227-227-24-227-227-24-227-227-24-227-227-24-227-227-24-227-227-24-227-227-24-227-227-24-227-227-24-227-227-24-227-227-24-227-227-24-227-227-24-227-227-24-227-227-24-227-227-24-227-227-24-227-227-24-227-227-24-227-227-24-227-227-24-227-227-24-227-227-24-227-227-24-227-227-24-227-227-24-227-227-24-227-227-24-227-227-24-227-227-24-227-227-24-227-227-24-227-227-24-227-227-24-227-227-24-227-227-24-227-227-0-0-0-0-0-0-0-0-0-0-0-0-24-227-227-24-227-227-24-227-227-24-227-227-24-227-227-24-227-227-24-227-227-24-227-227-24-227-227-24-227-227-24-227-227-24-227-227-24-227-227-24-227-227-24-227-227-24-227-227-24-227-227-24-227-227-24-227-227-24-227-227-24-227-227-24-227-227-24-227-227-24-227-227-24-227-227-24-227-227-24-227-227-24-227-227-24-227-227-24-227-227-24-227-227-24-227-227-24-227-227-24-227-227-24-227-227-24-227-227-24-227-227-24-227-227-24-227-227-24-227-227-24-227-227-24-227-227-24-227-227-24-227-227-24-227-227-24-227-227-24-227-227-24-227-227-24-227-227-24-227-227-24-227-227-24-227-227-24-227-227-24-227-227-24-227-227-24-227-227-24-227-227-24-227-227-24-227-227-24-227-227-0-0-0-0-0-0-0-0-0-0-0-0-24-227-227-24-227-227-24-227-227-24-227-227-24-227-227-24-227-227-24-227-227-24-227-227-24-227-227-24-227-227-24-227-227-24-227-227-24-227-227-24-227-227-24-227-227-24-227-227-24-227-227-24-227-227-24-227-227-24-227-227-24-227-227-24-227-227-24-227-227-24-227-227-24-227-227-24-227-227-24-227-227-24-227-227-24-227-227-24-227-227-24-227-227-24-227-227-24-227-227-24-227-227-24-227-227-24-227-227-24-227-227-24-227-227-24-227-227-24-227-227-24-227-227-24-227-227-24-227-227-24-227-227-24-227-227-24-227-227-24-227-227-24-227-227-24-227-227-24-227-227-24-227-227-24-227-227-24-227-227-24-227-227-24-227-227-24-227-227-24-227-227-24-227-227-24-227-227-24-227-227-0-0-0-0-0-0-0-0-0-0-0-0-24-227-227-24-227-227-24-227-227-24-227-227-24-227-227-24-227-227-24-227-227-24-227-227-24-227-227-24-227-227-24-227-227-24-227-227-24-227-227-24-227-227-24-227-227-24-227-227-24-227-227-24-227-227-24-227-227-24-227-227-24-227-227-24-227-227-24-227-227-24-227-227-24-227-227-24-227-227-24-227-227-24-227-227-24-227-227-24-227-227-24-227-227-24-227-227-24-227-227-24-227-227-24-227-227-24-227-227-24-227-227-24-227-227-24-227-227-24-227-227-24-227-227-24-227-227-24-227-227-24-227-227-24-227-227-24-227-227-24-227-227-24-227-227-24-227-227-24-227-227-24-227-227-24-227-227-24-227-227-24-227-227-24-227-227-24-227-227-24-227-227-24-227-227-24-227-227-24-227-227-0-0-0-0-0-0-0-0-0-0-0-0-24-227-227-24-227-227-24-227-227-24-227-227-24-227-227-24-227-227-24-227-227-24-227-227-24-227-227-24-227-227-24-227-227-24-227-227-24-227-227-24-227-227-24-227-227-24-227-227-24-227-227-24-227-227-24-227-227-24-227-227-24-227-227-24-227-227-24-227-227-24-227-227-24-227-227-24-227-227-24-227-227-24-227-227-24-227-227-24-227-227-24-227-227-24-227-227-24-227-227-24-227-227-24-227-227-24-227-227-24-227-227-24-227-227-24-227-227-24-227-227-24-227-227-24-227-227-24-227-227-24-227-227-24-227-227-24-227-227-24-227-227-24-227-227-24-227-227-24-227-227-24-227-227-24-227-227-24-227-227-24-227-227-24-227-227-24-227-227-24-227-227-24-227-227-24-227-227-24-227-227-0-0-0-0-0-0-0-0-0-0-0-0-24-227-227-24-227-227-24-227-227-24-227-227-24-227-227-24-227-227-24-227-227-24-227-227-24-227-227-24-227-227-24-227-227-24-227-227-24-227-227-24-227-227-24-227-227-24-227-227-24-227-227-24-227-227-24-227-227-24-227-227-24-227-227-24-227-227-24-227-227-24-227-227-24-227-227-24-227-227-24-227-227-24-227-227-24-227-227-24-227-227-24-227-227-24-227-227-24-227-227-24-227-227-24-227-227-24-227-227-24-227-227-24-227-227-24-227-227-24-227-227-24-227-227-24-227-227-24-227-227-24-227-227-24-227-227-24-227-227-24-227-227-24-227-227-24-227-227-24-227-227-24-227-227-24-227-227-24-227-227-24-227-227-24-227-227-24-227-227-24-227-227-24-227-227-24-227-227-24-227-227-0-0-0-0-0-0-0-0-0-0-0-0-24-227-227-24-227-227-24-227-227-24-227-227-24-227-227-24-227-227-24-227-227-24-227-227-24-227-227-24-227-227-24-227-227-24-227-227-24-227-227-24-227-227-24-227-227-24-227-227-24-227-227-24-227-227-24-227-227-24-227-227-24-227-227-24-227-227-41-78-78-41-78-78-41-78-78-41-78-78-41-78-78-41-78-78-41-78-78-41-78-78-41-78-78-41-78-78-41-78-78-41-78-78-41-78-78-41-78-78-41-78-78-41-78-78-24-227-227-24-227-227-24-227-227-24-227-227-24-227-227-24-227-227-24-227-227-24-227-227-24-227-227-24-227-227-24-227-227-24-227-227-24-227-227-24-227-227-24-227-227-24-227-227-24-227-227-24-227-227-24-227-227-24-227-227-24-227-227-24-227-227-0-0-0-0-0-0-0-0-0-0-0-0-24-227-227-24-227-227-24-227-227-24-227-227-24-227-227-24-227-227-24-227-227-24-227-227-24-227-227-24-227-227-24-227-227-24-227-227-24-227-227-24-227-227-24-227-227-24-227-227-24-227-227-24-227-227-24-227-227-24-227-227-24-227-227-24-227-227-41-78-78-41-78-78-41-78-78-41-78-78-41-78-78-41-78-78-41-78-78-41-78-78-41-78-78-41-78-78-41-78-78-41-78-78-41-78-78-41-78-78-41-78-78-41-78-78-24-227-227-24-227-227-24-227-227-24-227-227-24-227-227-24-227-227-24-227-227-24-227-227-24-227-227-24-227-227-24-227-227-24-227-227-24-227-227-24-227-227-24-227-227-24-227-227-24-227-227-24-227-227-24-227-227-24-227-227-24-227-227-24-227-227-0-0-0-0-0-0-0-0-0-0-0-0-24-227-227-24-227-227-24-227-227-24-227-227-24-227-227-24-227-227-24-227-227-24-227-227-24-227-227-24-227-227-24-227-227-24-227-227-24-227-227-24-227-227-24-227-227-24-227-227-24-227-227-24-227-227-24-227-227-24-227-227-24-227-227-24-227-227-41-78-78-41-78-78-41-78-78-41-78-78-41-78-78-41-78-78-41-78-78-41-78-78-41-78-78-41-78-78-41-78-78-41-78-78-41-78-78-41-78-78-41-78-78-41-78-78-24-227-227-24-227-227-24-227-227-24-227-227-24-227-227-24-227-227-24-227-227-24-227-227-24-227-227-24-227-227-24-227-227-24-227-227-24-227-227-24-227-227-24-227-227-24-227-227-24-227-227-24-227-227-24-227-227-24-227-227-24-227-227-24-227-227-0-0-0-0-0-0-0-0-0-0-0-0-24-227-227-24-227-227-24-227-227-24-227-227-24-227-227-24-227-227-24-227-227-24-227-227-24-227-227-24-227-227-24-227-227-24-227-227-24-227-227-24-227-227-24-227-227-24-227-227-24-227-227-24-227-227-24-227-227-24-227-227-24-227-227-24-227-227-41-78-78-41-78-78-41-78-78-41-78-78-41-78-78-41-78-78-41-78-78-41-78-78-41-78-78-41-78-78-41-78-78-41-78-78-41-78-78-41-78-78-41-78-78-41-78-78-24-227-227-24-227-227-24-227-227-24-227-227-24-227-227-24-227-227-24-227-227-24-227-227-24-227-227-24-227-227-24-227-227-24-227-227-24-227-227-24-227-227-24-227-227-24-227-227-24-227-227-24-227-227-24-227-227-24-227-227-24-227-227-24-227-227-0-0-0-0-0-0-0-0-0-0-0-0-24-227-227-24-227-227-24-227-227-24-227-227-24-227-227-24-227-227-24-227-227-24-227-227-24-227-227-24-227-227-24-227-227-24-227-227-24-227-227-24-227-227-24-227-227-24-227-227-24-227-227-24-227-227-24-227-227-24-227-227-24-227-227-24-227-227-41-78-78-41-78-78-41-78-78-41-78-78-41-78-78-41-78-78-41-78-78-41-78-78-41-78-78-41-78-78-41-78-78-41-78-78-41-78-78-41-78-78-41-78-78-41-78-78-24-227-227-24-227-227-24-227-227-24-227-227-24-227-227-24-227-227-24-227-227-24-227-227-24-227-227-24-227-227-24-227-227-24-227-227-24-227-227-24-227-227-24-227-227-24-227-227-24-227-227-24-227-227-24-227-227-24-227-227-24-227-227-24-227-227-0-0-0-0-0-0-0-0-0-0-0-0-24-227-227-24-227-227-24-227-227-24-227-227-24-227-227-24-227-227-24-227-227-24-227-227-24-227-227-24-227-227-24-227-227-24-227-227-24-227-227-24-227-227-24-227-227-24-227-227-24-227-227-24-227-227-24-227-227-24-227-227-24-227-227-24-227-227-41-78-78-41-78-78-41-78-78-41-78-78-41-78-78-41-78-78-41-78-78-41-78-78-41-78-78-41-78-78-41-78-78-41-78-78-41-78-78-41-78-78-41-78-78-41-78-78-24-227-227-24-227-227-24-227-227-24-227-227-24-227-227-24-227-227-24-227-227-24-227-227-24-227-227-24-227-227-24-227-227-24-227-227-24-227-227-24-227-227-24-227-227-24-227-227-24-227-227-24-227-227-24-227-227-24-227-227-24-227-227-24-227-227-0-0-0-0-0-0-0-0-0-0-0-0-24-227-227-24-227-227-24-227-227-24-227-227-24-227-227-24-227-227-24-227-227-24-227-227-24-227-227-24-227-227-24-227-227-24-227-227-24-227-227-24-227-227-24-227-227-24-227-227-24-227-227-24-227-227-24-227-227-24-227-227-24-227-227-24-227-227-41-78-78-41-78-78-41-78-78-41-78-78-41-78-78-41-78-78-41-78-78-41-78-78-41-78-78-41-78-78-41-78-78-41-78-78-41-78-78-41-78-78-41-78-78-41-78-78-24-227-227-24-227-227-24-227-227-24-227-227-24-227-227-24-227-227-24-227-227-24-227-227-24-227-227-24-227-227-24-227-227-24-227-227-24-227-227-24-227-227-24-227-227-24-227-227-24-227-227-24-227-227-24-227-227-24-227-227-24-227-227-24-227-227-0-0-0-0-0-0-0-0-0-0-0-0-24-227-227-24-227-227-24-227-227-24-227-227-24-227-227-24-227-227-24-227-227-24-227-227-24-227-227-24-227-227-24-227-227-24-227-227-24-227-227-24-227-227-24-227-227-24-227-227-24-227-227-24-227-227-24-227-227-24-227-227-24-227-227-24-227-227-41-78-78-41-78-78-41-78-78-41-78-78-41-78-78-41-78-78-41-78-78-41-78-78-41-78-78-41-78-78-41-78-78-41-78-78-41-78-78-41-78-78-41-78-78-41-78-78-24-227-227-24-227-227-24-227-227-24-227-227-24-227-227-24-227-227-24-227-227-24-227-227-24-227-227-24-227-227-24-227-227-24-227-227-24-227-227-24-227-227-24-227-227-24-227-227-24-227-227-24-227-227-24-227-227-24-227-227-24-227-227-24-227-227-0-0-0-0-0-0-0-0-0-0-0-0-24-227-227-24-227-227-24-227-227-24-227-227-24-227-227-24-227-227-24-227-227-24-227-227-24-227-227-24-227-227-24-227-227-24-227-227-24-227-227-24-227-227-24-227-227-24-227-227-24-227-227-24-227-227-24-227-227-24-227-227-24-227-227-24-227-227-41-78-78-41-78-78-41-78-78-41-78-78-41-78-78-41-78-78-41-78-78-41-78-78-41-78-78-41-78-78-41-78-78-41-78-78-41-78-78-41-78-78-41-78-78-41-78-78-24-227-227-24-227-227-24-227-227-24-227-227-24-227-227-24-227-227-24-227-227-24-227-227-24-227-227-24-227-227-24-227-227-24-227-227-24-227-227-24-227-227-24-227-227-24-227-227-24-227-227-24-227-227-24-227-227-24-227-227-24-227-227-24-227-227-0-0-0-0-0-0-0-0-0-0-0-0-24-227-227-24-227-227-24-227-227-24-227-227-24-227-227-24-227-227-24-227-227-24-227-227-24-227-227-24-227-227-24-227-227-24-227-227-24-227-227-24-227-227-24-227-227-24-227-227-24-227-227-24-227-227-24-227-227-24-227-227-24-227-227-24-227-227-41-78-78-41-78-78-41-78-78-41-78-78-41-78-78-41-78-78-41-78-78-41-78-78-41-78-78-41-78-78-41-78-78-41-78-78-41-78-78-41-78-78-41-78-78-41-78-78-24-227-227-24-227-227-24-227-227-24-227-227-24-227-227-24-227-227-24-227-227-24-227-227-24-227-227-24-227-227-24-227-227-24-227-227-24-227-227-24-227-227-24-227-227-24-227-227-24-227-227-24-227-227-24-227-227-24-227-227-24-227-227-24-227-227-0-0-0-0-0-0-0-0-0-0-0-0-24-227-227-24-227-227-24-227-227-24-227-227-24-227-227-24-227-227-24-227-227-24-227-227-24-227-227-24-227-227-24-227-227-24-227-227-24-227-227-24-227-227-24-227-227-24-227-227-24-227-227-24-227-227-24-227-227-24-227-227-24-227-227-24-227-227-41-78-78-41-78-78-41-78-78-41-78-78-41-78-78-41-78-78-41-78-78-41-78-78-41-78-78-41-78-78-41-78-78-41-78-78-41-78-78-41-78-78-41-78-78-41-78-78-24-227-227-24-227-227-24-227-227-24-227-227-24-227-227-24-227-227-24-227-227-24-227-227-24-227-227-24-227-227-24-227-227-24-227-227-24-227-227-24-227-227-24-227-227-24-227-227-24-227-227-24-227-227-24-227-227-24-227-227-24-227-227-24-227-227-0-0-0-0-0-0-0-0-0-0-0-0-24-227-227-24-227-227-24-227-227-24-227-227-24-227-227-24-227-227-24-227-227-24-227-227-24-227-227-24-227-227-24-227-227-24-227-227-24-227-227-24-227-227-24-227-227-24-227-227-24-227-227-24-227-227-24-227-227-24-227-227-24-227-227-24-227-227-41-78-78-41-78-78-41-78-78-41-78-78-41-78-78-41-78-78-41-78-78-41-78-78-41-78-78-41-78-78-41-78-78-41-78-78-41-78-78-41-78-78-41-78-78-41-78-78-24-227-227-24-227-227-24-227-227-24-227-227-24-227-227-24-227-227-24-227-227-24-227-227-24-227-227-24-227-227-24-227-227-24-227-227-24-227-227-24-227-227-24-227-227-24-227-227-24-227-227-24-227-227-24-227-227-24-227-227-24-227-227-24-227-227-0-0-0-0-0-0-0-0-0-0-0-0-24-227-227-24-227-227-24-227-227-24-227-227-24-227-227-24-227-227-24-227-227-24-227-227-24-227-227-24-227-227-24-227-227-24-227-227-24-227-227-24-227-227-24-227-227-24-227-227-24-227-227-24-227-227-24-227-227-24-227-227-24-227-227-24-227-227-41-78-78-41-78-78-41-78-78-41-78-78-41-78-78-41-78-78-41-78-78-41-78-78-41-78-78-41-78-78-41-78-78-41-78-78-41-78-78-41-78-78-41-78-78-41-78-78-24-227-227-24-227-227-24-227-227-24-227-227-24-227-227-24-227-227-24-227-227-24-227-227-24-227-227-24-227-227-24-227-227-24-227-227-24-227-227-24-227-227-24-227-227-24-227-227-24-227-227-24-227-227-24-227-227-24-227-227-24-227-227-24-227-227-0-0-0-0-0-0-0-0-0-0-0-0-24-227-227-24-227-227-24-227-227-24-227-227-24-227-227-24-227-227-24-227-227-24-227-227-24-227-227-24-227-227-24-227-227-24-227-227-24-227-227-24-227-227-24-227-227-24-227-227-24-227-227-24-227-227-24-227-227-24-227-227-24-227-227-24-227-227-41-78-78-41-78-78-41-78-78-41-78-78-41-78-78-41-78-78-41-78-78-41-78-78-41-78-78-41-78-78-41-78-78-41-78-78-41-78-78-41-78-78-41-78-78-41-78-78-24-227-227-24-227-227-24-227-227-24-227-227-24-227-227-24-227-227-24-227-227-24-227-227-24-227-227-24-227-227-24-227-227-24-227-227-24-227-227-24-227-227-24-227-227-24-227-227-24-227-227-24-227-227-24-227-227-24-227-227-24-227-227-24-227-227-0-0-0-0-0-0-0-0-0-0-0-0-24-227-227-24-227-227-24-227-227-24-227-227-24-227-227-24-227-227-24-227-227-24-227-227-24-227-227-24-227-227-24-227-227-24-227-227-24-227-227-24-227-227-24-227-227-24-227-227-24-227-227-24-227-227-24-227-227-24-227-227-24-227-227-24-227-227-41-78-78-41-78-78-41-78-78-41-78-78-41-78-78-41-78-78-41-78-78-41-78-78-41-78-78-41-78-78-41-78-78-41-78-78-41-78-78-41-78-78-41-78-78-41-78-78-24-227-227-24-227-227-24-227-227-24-227-227-24-227-227-24-227-227-24-227-227-24-227-227-24-227-227-24-227-227-24-227-227-24-227-227-24-227-227-24-227-227-24-227-227-24-227-227-24-227-227-24-227-227-24-227-227-24-227-227-24-227-227-24-227-227-0-0-0-0-0-0-0-0-0-0-0-0-24-227-227-24-227-227-24-227-227-24-227-227-24-227-227-24-227-227-24-227-227-24-227-227-24-227-227-24-227-227-24-227-227-24-227-227-24-227-227-24-227-227-24-227-227-24-227-227-24-227-227-24-227-227-24-227-227-24-227-227-24-227-227-24-227-227-41-78-78-41-78-78-41-78-78-41-78-78-41-78-78-41-78-78-41-78-78-41-78-78-41-78-78-41-78-78-41-78-78-41-78-78-41-78-78-41-78-78-41-78-78-41-78-78-24-227-227-24-227-227-24-227-227-24-227-227-24-227-227-24-227-227-24-227-227-24-227-227-24-227-227-24-227-227-24-227-227-24-227-227-24-227-227-24-227-227-24-227-227-24-227-227-24-227-227-24-227-227-24-227-227-24-227-227-24-227-227-24-227-227-0-0-0-0-0-0-0-0-0-0-0-0-24-227-227-24-227-227-24-227-227-24-227-227-24-227-227-24-227-227-24-227-227-24-227-227-24-227-227-24-227-227-24-227-227-24-227-227-24-227-227-24-227-227-24-227-227-24-227-227-24-227-227-24-227-227-24-227-227-24-227-227-24-227-227-24-227-227-24-227-227-24-227-227-24-227-227-24-227-227-24-227-227-24-227-227-24-227-227-24-227-227-24-227-227-24-227-227-24-227-227-24-227-227-24-227-227-24-227-227-24-227-227-24-227-227-24-227-227-24-227-227-24-227-227-24-227-227-24-227-227-24-227-227-24-227-227-24-227-227-24-227-227-24-227-227-24-227-227-24-227-227-24-227-227-24-227-227-24-227-227-24-227-227-24-227-227-24-227-227-24-227-227-24-227-227-24-227-227-24-227-227-0-0-0-0-0-0-0-0-0-0-0-0-24-227-227-24-227-227-24-227-227-24-227-227-24-227-227-24-227-227-24-227-227-24-227-227-24-227-227-24-227-227-24-227-227-24-227-227-24-227-227-24-227-227-24-227-227-24-227-227-24-227-227-24-227-227-24-227-227-24-227-227-24-227-227-24-227-227-24-227-227-24-227-227-24-227-227-24-227-227-24-227-227-24-227-227-24-227-227-24-227-227-24-227-227-24-227-227-24-227-227-24-227-227-24-227-227-24-227-227-24-227-227-24-227-227-24-227-227-24-227-227-24-227-227-24-227-227-24-227-227-24-227-227-24-227-227-24-227-227-24-227-227-24-227-227-24-227-227-24-227-227-24-227-227-24-227-227-24-227-227-24-227-227-24-227-227-24-227-227-24-227-227-24-227-227-24-227-227-24-227-227-0-0-0-0-0-0-0-0-0-0-0-0-24-227-227-24-227-227-24-227-227-24-227-227-24-227-227-24-227-227-24-227-227-24-227-227-24-227-227-24-227-227-24-227-227-24-227-227-24-227-227-24-227-227-24-227-227-24-227-227-24-227-227-24-227-227-24-227-227-24-227-227-24-227-227-24-227-227-24-227-227-24-227-227-24-227-227-24-227-227-24-227-227-24-227-227-24-227-227-24-227-227-24-227-227-24-227-227-24-227-227-24-227-227-24-227-227-24-227-227-24-227-227-24-227-227-24-227-227-24-227-227-24-227-227-24-227-227-24-227-227-24-227-227-24-227-227-24-227-227-24-227-227-24-227-227-24-227-227-24-227-227-24-227-227-24-227-227-24-227-227-24-227-227-24-227-227-24-227-227-24-227-227-24-227-227-24-227-227-24-227-227-0-0-0-0-0-0-0-0-0-0-0-0-24-227-227-24-227-227-24-227-227-24-227-227-24-227-227-24-227-227-24-227-227-24-227-227-24-227-227-24-227-227-24-227-227-24-227-227-24-227-227-24-227-227-24-227-227-24-227-227-24-227-227-24-227-227-24-227-227-24-227-227-24-227-227-24-227-227-24-227-227-24-227-227-24-227-227-24-227-227-24-227-227-24-227-227-24-227-227-24-227-227-24-227-227-24-227-227-24-227-227-24-227-227-24-227-227-24-227-227-24-227-227-24-227-227-24-227-227-24-227-227-24-227-227-24-227-227-24-227-227-24-227-227-24-227-227-24-227-227-24-227-227-24-227-227-24-227-227-24-227-227-24-227-227-24-227-227-24-227-227-24-227-227-24-227-227-24-227-227-24-227-227-24-227-227-24-227-227-24-227-227-0-0-0-0-0-0-0-0-0-0-0-0-24-227-227-24-227-227-24-227-227-24-227-227-24-227-227-24-227-227-24-227-227-24-227-227-24-227-227-24-227-227-24-227-227-24-227-227-24-227-227-24-227-227-24-227-227-24-227-227-24-227-227-24-227-227-24-227-227-24-227-227-24-227-227-24-227-227-24-227-227-24-227-227-24-227-227-24-227-227-24-227-227-24-227-227-24-227-227-24-227-227-24-227-227-24-227-227-24-227-227-24-227-227-24-227-227-24-227-227-24-227-227-24-227-227-24-227-227-24-227-227-24-227-227-24-227-227-24-227-227-24-227-227-24-227-227-24-227-227-24-227-227-24-227-227-24-227-227-24-227-227-24-227-227-24-227-227-24-227-227-24-227-227-24-227-227-24-227-227-24-227-227-24-227-227-24-227-227-24-227-227-0-0-0-0-0-0-0-0-0-0-0-0-24-227-227-24-227-227-24-227-227-24-227-227-24-227-227-24-227-227-24-227-227-24-227-227-24-227-227-24-227-227-24-227-227-24-227-227-24-227-227-24-227-227-24-227-227-24-227-227-24-227-227-24-227-227-24-227-227-24-227-227-24-227-227-24-227-227-24-227-227-24-227-227-24-227-227-24-227-227-24-227-227-24-227-227-24-227-227-24-227-227-24-227-227-24-227-227-24-227-227-24-227-227-24-227-227-24-227-227-24-227-227-24-227-227-24-227-227-24-227-227-24-227-227-24-227-227-24-227-227-24-227-227-24-227-227-24-227-227-24-227-227-24-227-227-24-227-227-24-227-227-24-227-227-24-227-227-24-227-227-24-227-227-24-227-227-24-227-227-24-227-227-24-227-227-24-227-227-24-227-227-0-0-0-0-0-0-0-0-0-0-0-0-24-227-227-24-227-227-24-227-227-24-227-227-24-227-227-24-227-227-24-227-227-24-227-227-24-227-227-24-227-227-24-227-227-24-227-227-24-227-227-24-227-227-24-227-227-24-227-227-24-227-227-24-227-227-24-227-227-24-227-227-24-227-227-24-227-227-24-227-227-24-227-227-24-227-227-24-227-227-24-227-227-24-227-227-24-227-227-24-227-227-24-227-227-24-227-227-24-227-227-24-227-227-24-227-227-24-227-227-24-227-227-24-227-227-24-227-227-24-227-227-24-227-227-24-227-227-24-227-227-24-227-227-24-227-227-24-227-227-24-227-227-24-227-227-24-227-227-24-227-227-24-227-227-24-227-227-24-227-227-24-227-227-24-227-227-24-227-227-24-227-227-24-227-227-24-227-227-24-227-227-0-0-0-0-0-0-0-0-0-0-0-0-24-227-227-24-227-227-24-227-227-24-227-227-24-227-227-24-227-227-24-227-227-24-227-227-24-227-227-24-227-227-24-227-227-24-227-227-24-227-227-24-227-227-24-227-227-24-227-227-24-227-227-24-227-227-24-227-227-24-227-227-24-227-227-24-227-227-24-227-227-24-227-227-24-227-227-24-227-227-24-227-227-24-227-227-24-227-227-24-227-227-24-227-227-24-227-227-24-227-227-24-227-227-24-227-227-24-227-227-24-227-227-24-227-227-24-227-227-24-227-227-24-227-227-24-227-227-24-227-227-24-227-227-24-227-227-24-227-227-24-227-227-24-227-227-24-227-227-24-227-227-24-227-227-24-227-227-24-227-227-24-227-227-24-227-227-24-227-227-24-227-227-24-227-227-24-227-227-24-227-227-0-0-0-0-0-0-0-0-0-0-0-0-24-227-227-24-227-227-24-227-227-24-227-227-24-227-227-24-227-227-24-227-227-24-227-227-24-227-227-24-227-227-24-227-227-24-227-227-24-227-227-24-227-227-24-227-227-24-227-227-24-227-227-24-227-227-24-227-227-24-227-227-24-227-227-24-227-227-24-227-227-24-227-227-24-227-227-24-227-227-24-227-227-24-227-227-24-227-227-24-227-227-24-227-227-24-227-227-24-227-227-24-227-227-24-227-227-24-227-227-24-227-227-24-227-227-24-227-227-24-227-227-24-227-227-24-227-227-24-227-227-24-227-227-24-227-227-24-227-227-24-227-227-24-227-227-24-227-227-24-227-227-24-227-227-24-227-227-24-227-227-24-227-227-24-227-227-24-227-227-24-227-227-24-227-227-24-227-227-24-227-227-0-0-0-0-0-0-0-0-0-0-0-0-24-227-227-24-227-227-24-227-227-24-227-227-24-227-227-24-227-227-24-227-227-24-227-227-24-227-227-24-227-227-24-227-227-24-227-227-24-227-227-24-227-227-24-227-227-24-227-227-24-227-227-24-227-227-24-227-227-24-227-227-24-227-227-24-227-227-24-227-227-24-227-227-24-227-227-24-227-227-24-227-227-24-227-227-24-227-227-24-227-227-24-227-227-24-227-227-24-227-227-24-227-227-24-227-227-24-227-227-24-227-227-24-227-227-24-227-227-24-227-227-24-227-227-24-227-227-24-227-227-24-227-227-24-227-227-24-227-227-24-227-227-24-227-227-24-227-227-24-227-227-24-227-227-24-227-227-24-227-227-24-227-227-24-227-227-24-227-227-24-227-227-24-227-227-24-227-227-24-227-227-0-0-0-0-0-0-0-0-0-0-0-0-24-227-227-24-227-227-24-227-227-24-227-227-24-227-227-24-227-227-24-227-227-24-227-227-24-227-227-24-227-227-24-227-227-24-227-227-24-227-227-24-227-227-24-227-227-24-227-227-24-227-227-24-227-227-24-227-227-24-227-227-24-227-227-24-227-227-24-227-227-24-227-227-24-227-227-24-227-227-24-227-227-24-227-227-24-227-227-24-227-227-24-227-227-24-227-227-24-227-227-24-227-227-24-227-227-24-227-227-24-227-227-24-227-227-24-227-227-24-227-227-24-227-227-24-227-227-24-227-227-24-227-227-24-227-227-24-227-227-24-227-227-24-227-227-24-227-227-24-227-227-24-227-227-24-227-227-24-227-227-24-227-227-24-227-227-24-227-227-24-227-227-24-227-227-24-227-227-24-227-227-0-0-0-0-0-0-0-0-0-0-0-0-24-227-227-24-227-227-24-227-227-24-227-227-24-227-227-24-227-227-24-227-227-24-227-227-24-227-227-24-227-227-24-227-227-24-227-227-24-227-227-24-227-227-24-227-227-24-227-227-24-227-227-24-227-227-24-227-227-24-227-227-24-227-227-24-227-227-24-227-227-24-227-227-24-227-227-24-227-227-24-227-227-24-227-227-24-227-227-24-227-227-24-227-227-24-227-227-24-227-227-24-227-227-24-227-227-24-227-227-24-227-227-24-227-227-24-227-227-24-227-227-24-227-227-24-227-227-24-227-227-24-227-227-24-227-227-24-227-227-24-227-227-24-227-227-24-227-227-24-227-227-24-227-227-24-227-227-24-227-227-24-227-227-24-227-227-24-227-227-24-227-227-24-227-227-24-227-227-24-227-227-0-0-0-0-0-0-0-0-0-0-0-0-24-227-227-24-227-227-24-227-227-24-227-227-24-227-227-24-227-227-24-227-227-24-227-227-24-227-227-24-227-227-24-227-227-24-227-227-24-227-227-24-227-227-24-227-227-24-227-227-24-227-227-24-227-227-24-227-227-24-227-227-24-227-227-24-227-227-24-227-227-24-227-227-24-227-227-24-227-227-24-227-227-24-227-227-24-227-227-24-227-227-24-227-227-24-227-227-24-227-227-24-227-227-24-227-227-24-227-227-24-227-227-24-227-227-24-227-227-24-227-227-24-227-227-24-227-227-24-227-227-24-227-227-24-227-227-24-227-227-24-227-227-24-227-227-24-227-227-24-227-227-24-227-227-24-227-227-24-227-227-24-227-227-24-227-227-24-227-227-24-227-227-24-227-227-24-227-227-24-227-227-0-0-0-0-0-0-0-0-0-0-0-0-24-227-227-24-227-227-24-227-227-24-227-227-24-227-227-24-227-227-24-227-227-24-227-227-24-227-227-24-227-227-24-227-227-24-227-227-24-227-227-24-227-227-24-227-227-24-227-227-24-227-227-24-227-227-24-227-227-24-227-227-24-227-227-24-227-227-24-227-227-24-227-227-24-227-227-24-227-227-24-227-227-24-227-227-24-227-227-24-227-227-24-227-227-24-227-227-24-227-227-24-227-227-24-227-227-24-227-227-24-227-227-24-227-227-24-227-227-24-227-227-24-227-227-24-227-227-24-227-227-24-227-227-24-227-227-24-227-227-24-227-227-24-227-227-24-227-227-24-227-227-24-227-227-24-227-227-24-227-227-24-227-227-24-227-227-24-227-227-24-227-227-24-227-227-24-227-227-24-227-227-0-0-0-0-0-0-0-0-0-0-0-0-24-227-227-24-227-227-24-227-227-24-227-227-24-227-227-24-227-227-24-227-227-24-227-227-24-227-227-24-227-227-24-227-227-24-227-227-24-227-227-24-227-227-24-227-227-24-227-227-24-227-227-24-227-227-24-227-227-24-227-227-24-227-227-24-227-227-24-227-227-24-227-227-24-227-227-24-227-227-24-227-227-24-227-227-24-227-227-24-227-227-24-227-227-24-227-227-24-227-227-24-227-227-24-227-227-24-227-227-24-227-227-24-227-227-24-227-227-24-227-227-24-227-227-24-227-227-24-227-227-24-227-227-24-227-227-24-227-227-24-227-227-24-227-227-24-227-227-24-227-227-24-227-227-24-227-227-24-227-227-24-227-227-24-227-227-24-227-227-24-227-227-24-227-227-24-227-227-24-227-227-0-0-0-0-0-0-0-0-0-0-0-0-24-227-227-24-227-227-24-227-227-24-227-227-24-227-227-24-227-227-24-227-227-24-227-227-24-227-227-24-227-227-24-227-227-24-227-227-24-227-227-24-227-227-24-227-227-24-227-227-24-227-227-24-227-227-24-227-227-24-227-227-24-227-227-24-227-227-24-227-227-24-227-227-24-227-227-24-227-227-24-227-227-24-227-227-24-227-227-24-227-227-24-227-227-24-227-227-24-227-227-24-227-227-24-227-227-24-227-227-24-227-227-24-227-227-24-227-227-24-227-227-24-227-227-24-227-227-24-227-227-24-227-227-24-227-227-24-227-227-24-227-227-24-227-227-24-227-227-24-227-227-24-227-227-24-227-227-24-227-227-24-227-227-24-227-227-24-227-227-24-227-227-24-227-227-24-227-227-24-227-227-0-0-0-0-0-0-0-0-0-0-0-0-24-227-227-24-227-227-24-227-227-24-227-227-24-227-227-24-227-227-24-227-227-24-227-227-24-227-227-24-227-227-24-227-227-24-227-227-24-227-227-24-227-227-24-227-227-24-227-227-24-227-227-24-227-227-24-227-227-24-227-227-24-227-227-24-227-227-24-227-227-24-227-227-24-227-227-24-227-227-24-227-227-24-227-227-24-227-227-24-227-227-24-227-227-24-227-227-24-227-227-24-227-227-24-227-227-24-227-227-24-227-227-24-227-227-24-227-227-24-227-227-24-227-227-24-227-227-24-227-227-24-227-227-24-227-227-24-227-227-24-227-227-24-227-227-24-227-227-24-227-227-24-227-227-24-227-227-24-227-227-24-227-227-24-227-227-24-227-227-24-227-227-24-227-227-24-227-227-24-227-227-0-0-0-0-0-0-0-0-0-0-0-0-24-227-227-24-227-227-24-227-227-24-227-227-24-227-227-24-227-227-24-227-227-24-227-227-24-227-227-24-227-227-24-227-227-24-227-227-24-227-227-24-227-227-24-227-227-24-227-227-24-227-227-24-227-227-24-227-227-24-227-227-24-227-227-24-227-227-24-227-227-24-227-227-24-227-227-24-227-227-24-227-227-24-227-227-24-227-227-24-227-227-24-227-227-24-227-227-24-227-227-24-227-227-24-227-227-24-227-227-24-227-227-24-227-227-24-227-227-24-227-227-24-227-227-24-227-227-24-227-227-24-227-227-24-227-227-24-227-227-24-227-227-24-227-227-24-227-227-24-227-227-24-227-227-24-227-227-24-227-227-24-227-227-24-227-227-24-227-227-24-227-227-24-227-227-24-227-227-24-227-227-0-0-0-0-0-0-0-0-0-0-0-0-24-227-227-24-227-227-24-227-227-24-227-227-24-227-227-24-227-227-24-227-227-24-227-227-24-227-227-24-227-227-24-227-227-24-227-227-24-227-227-24-227-227-24-227-227-24-227-227-24-227-227-24-227-227-24-227-227-24-227-227-24-227-227-24-227-227-24-227-227-24-227-227-24-227-227-24-227-227-24-227-227-24-227-227-24-227-227-24-227-227-24-227-227-24-227-227-24-227-227-24-227-227-24-227-227-24-227-227-24-227-227-24-227-227-24-227-227-24-227-227-24-227-227-24-227-227-24-227-227-24-227-227-24-227-227-24-227-227-24-227-227-24-227-227-24-227-227-24-227-227-24-227-227-24-227-227-24-227-227-24-227-227-24-227-227-24-227-227-24-227-227-24-227-227-24-227-227-24-227-227-0-0-0-0-0-0-0-0-0-0-0-0-24-227-227-24-227-227-24-227-227-24-227-227-24-227-227-24-227-227-24-227-227-24-227-227-24-227-227-24-227-227-24-227-227-24-227-227-24-227-227-24-227-227-24-227-227-24-227-227-24-227-227-24-227-227-24-227-227-24-227-227-24-227-227-24-227-227-24-227-227-24-227-227-24-227-227-24-227-227-24-227-227-24-227-227-24-227-227-24-227-227-24-227-227-24-227-227-24-227-227-24-227-227-24-227-227-24-227-227-24-227-227-24-227-227-24-227-227-24-227-227-24-227-227-24-227-227-24-227-227-24-227-227-24-227-227-24-227-227-24-227-227-24-227-227-24-227-227-24-227-227-24-227-227-24-227-227-24-227-227-24-227-227-24-227-227-24-227-227-24-227-227-24-227-227-24-227-227-24-227-227-0-0-0-0-0-0-0-0-0-0-0-0-24-227-227-24-227-227-24-227-227-24-227-227-24-227-227-24-227-227-24-227-227-24-227-227-24-227-227-24-227-227-24-227-227-24-227-227-24-227-227-24-227-227-24-227-227-24-227-227-24-227-227-24-227-227-24-227-227-24-227-227-24-227-227-24-227-227-24-227-227-24-227-227-24-227-227-24-227-227-24-227-227-24-227-227-24-227-227-24-227-227-24-227-227-24-227-227-24-227-227-24-227-227-24-227-227-24-227-227-24-227-227-24-227-227-24-227-227-24-227-227-24-227-227-24-227-227-24-227-227-24-227-227-24-227-227-24-227-227-24-227-227-24-227-227-24-227-227-24-227-227-24-227-227-24-227-227-24-227-227-24-227-227-24-227-227-24-227-227-24-227-227-24-227-227-24-227-227-24-227-227-0-0-0-0-0-0-0-0-0-0-0-0-24-227-227-24-227-227-24-227-227-24-227-227-24-227-227-24-227-227-24-227-227-24-227-227-24-227-227-24-227-227-24-227-227-24-227-227-24-227-227-24-227-227-24-227-227-24-227-227-24-227-227-24-227-227-24-227-227-24-227-227-24-227-227-24-227-227-24-227-227-24-227-227-24-227-227-24-227-227-24-227-227-24-227-227-24-227-227-24-227-227-24-227-227-24-227-227-24-227-227-24-227-227-24-227-227-24-227-227-24-227-227-24-227-227-24-227-227-24-227-227-24-227-227-24-227-227-24-227-227-24-227-227-24-227-227-24-227-227-24-227-227-24-227-227-24-227-227-24-227-227-24-227-227-24-227-227-24-227-227-24-227-227-24-227-227-24-227-227-24-227-227-24-227-227-24-227-227-24-227-227-0-0-0-0-0-0-0-0-0-0-0-0-0-0-0-0-0-0-0-0-0-0-0-0-0-0-0-0-0-0-0-0-0-0-0-0-0-0-0-0-0-0-0-0-0-0-0-0-0-0-0-0-0-0-0-0-0-0-0-0-0-0-0-0-0-0-0-0-0-0-0-0-0-0-0-0-0-0-0-0-0-0-0-0-0-0-0-0-0-0-0-0-0-0-0-0-0-0-0-0-0-0-0-0-0-0-0-0-0-0-0-0-0-0-0-0-0-0-0-0-0-0-0-0-0-0-0-0-0-0-0-0-0-0-0-0-0-0-0-0-0-0-0-0-0-0-0-0-0-0-0-0-0-0-0-0-0-0-0-0-0-0-0-0-0-0-0-0-0-0-0-0-0-0-0-0-0-0-0-0-0-0-0-0-0-0-0-0-0-0-0-0-0-0-0-0-0-0-0-0-0-0-0-0-0-0-0-0-0-0-0-0-0-0-0-0-0-0-0-0-0-0-0-0-0-0-0-0-0-0-0-0-0-0-0-0-0-0-0-0-0-0-0-0-0-0-0-0-0-0-0-0-0-0-0-0-0-0-0-0-0-0-0-0-0-0-0-0-0-0-0-0-0-0-0-0-0-0-0-0-0-0-0-0-0-0-0-0-0-0-0-0-0-0-0-0-0-0-0-0-0-0-0-0-0-0-0-0-0-0-0-0-0-0-0-0-0-0-0-0-0-0-0-0-0-0-0-0-0-0-0-0-0-0-0-0-0-0-0-0-0-0-0-0-0-0-0-0-0-0-0-0-0-0-0-0-0-0-0-0-0-0-0-0-0-0-0-0-0-0-0-0-0-0-0-0-0-0-0-0-0-0-0-0-0-0-0-0-0-0');
INSERT INTO `user_paints` (`paint_id`, `user_id`, `paint_name`, `paint_colors`) VALUES
(2, 1, 'apple', '0-0-0-0-0-0-0-0-0-0-0-0-0-0-0-0-0-0-0-0-0-0-0-0-0-0-0-0-0-0-0-0-0-0-0-0-0-0-0-0-0-0-0-0-0-0-0-0-0-0-0-0-0-0-0-0-0-0-0-0-0-0-0-0-0-0-0-0-0-0-0-0-0-0-0-0-0-0-0-0-0-0-0-0-0-0-0-0-0-0-0-0-0-0-0-0-0-0-0-0-0-0-0-0-0-0-0-0-0-0-0-0-0-0-0-0-0-0-0-0-0-0-0-0-0-0-0-0-0-0-0-0-0-0-0-0-0-0-0-0-0-0-0-0-0-0-0-0-0-0-0-0-0-0-0-0-0-0-0-0-0-0-0-0-0-0-0-0-0-0-0-0-0-0-0-0-0-0-0-0-0-0-0-0-0-0-0-0-0-0-0-0-0-0-0-0-0-0-0-0-0-0-0-0-0-0-0-0-0-0-0-0-0-0-0-0-0-0-0-0-0-0-0-0-0-0-0-0-0-0-0-0-0-0-0-0-0-0-0-0-0-0-0-0-0-0-0-0-0-0-0-0-0-0-0-0-0-0-0-0-0-0-0-0-0-0-0-0-0-0-0-0-0-0-0-0-0-0-0-0-0-0-0-0-0-0-0-0-0-0-0-0-0-0-0-0-0-0-0-0-0-0-0-0-0-0-0-0-0-0-0-0-0-0-0-0-0-0-0-0-0-0-0-0-0-0-0-0-0-0-0-0-0-0-0-0-0-0-0-0-0-0-0-0-0-0-0-0-0-0-0-0-0-0-0-0-0-0-0-0-0-0-0-0-0-0-0-0-0-0-0-0-0-0-0-0-0-0-0-0-0-0-0-0-0-0-0-0-0-0-255-0-255-255-0-255-255-0-255-255-0-255-255-0-255-255-0-255-255-0-255-255-0-255-255-0-255-255-0-255-255-0-255-255-0-255-255-0-255-255-0-255-255-0-255-255-0-255-255-0-255-255-0-255-255-0-255-255-0-255-255-0-255-255-0-255-255-0-255-255-0-255-255-0-255-255-0-255-255-0-255-255-0-255-255-0-255-255-0-255-255-0-255-255-0-255-255-0-255-255-0-255-255-0-255-255-0-255-255-0-255-255-0-255-255-0-255-255-0-255-255-0-255-255-0-255-255-0-255-255-0-255-255-0-255-255-0-255-255-0-255-255-0-255-255-0-255-255-0-255-255-0-255-255-0-255-255-0-255-255-0-255-255-0-255-255-0-255-255-0-255-255-0-255-255-0-255-255-0-255-0-0-0-0-0-0-0-0-0-0-0-0-255-0-255-255-0-255-255-0-255-255-0-255-255-0-255-255-0-255-255-0-255-255-0-255-255-0-255-255-0-255-255-0-255-255-0-255-255-0-255-255-0-255-255-0-255-255-0-255-255-0-255-255-0-255-255-0-255-255-0-255-255-0-255-255-0-255-255-0-255-255-0-255-255-0-255-255-0-255-255-0-255-255-0-255-255-0-255-255-0-255-255-0-255-255-0-255-255-0-255-255-0-255-255-0-255-255-0-255-255-0-255-255-0-255-255-0-255-255-0-255-255-0-255-255-0-255-255-0-255-255-0-255-255-0-255-255-0-255-255-0-255-255-0-255-255-0-255-255-0-255-255-0-255-255-0-255-255-0-255-255-0-255-255-0-255-255-0-255-255-0-255-255-0-255-255-0-255-255-0-255-0-0-0-0-0-0-0-0-0-0-0-0-255-0-255-255-0-255-255-0-255-255-0-255-255-0-255-255-0-255-255-0-255-255-0-255-255-0-255-255-0-255-255-0-255-255-0-255-255-0-255-255-0-255-255-0-255-255-0-255-255-0-255-255-0-255-255-0-255-255-0-255-255-0-255-255-0-255-255-0-255-255-0-255-255-0-255-255-0-255-255-0-255-255-0-255-255-0-255-255-0-255-255-0-255-255-0-255-255-0-255-255-0-255-255-0-255-255-0-255-255-0-255-255-0-255-255-0-255-255-0-255-255-0-255-255-0-255-255-0-255-255-0-255-255-0-255-255-0-255-255-0-255-255-0-255-255-0-255-255-0-255-255-0-255-255-0-255-255-0-255-255-0-255-255-0-255-255-0-255-255-0-255-255-0-255-255-0-255-255-0-255-0-0-0-0-0-0-0-0-0-0-0-0-255-0-255-255-0-255-255-0-255-255-0-255-255-0-255-255-0-255-255-0-255-255-0-255-255-0-255-255-0-255-255-0-255-255-0-255-255-0-255-255-0-255-255-0-255-255-0-255-255-0-255-255-0-255-255-0-255-255-0-255-255-0-255-255-0-255-255-0-255-255-0-255-255-0-255-255-0-255-255-0-255-255-0-255-255-0-255-255-0-255-255-0-255-255-0-255-255-0-255-255-0-255-255-0-255-255-0-255-255-0-255-255-0-255-255-0-255-255-0-255-255-0-255-255-0-255-255-0-255-255-0-255-255-0-255-255-0-255-255-0-255-255-0-255-255-0-255-255-0-255-255-0-255-255-0-255-255-0-255-255-0-255-255-0-255-255-0-255-255-0-255-255-0-255-255-0-255-255-0-255-0-0-0-0-0-0-0-0-0-0-0-0-255-0-255-255-0-255-255-0-255-255-0-255-255-0-255-255-0-255-255-0-255-255-0-255-255-0-255-255-0-255-255-0-255-255-0-255-255-0-255-255-0-255-255-0-255-255-0-255-255-0-255-255-0-255-255-0-255-255-0-255-255-0-255-255-0-255-255-0-255-255-0-255-255-0-255-255-0-255-255-0-255-255-0-255-255-0-255-255-0-255-255-0-255-255-0-255-255-0-255-255-0-255-255-0-255-255-0-255-255-0-255-255-0-255-255-0-255-255-0-255-255-0-255-255-0-255-255-0-255-255-0-255-255-0-255-255-0-255-255-0-255-255-0-255-255-0-255-255-0-255-255-0-255-255-0-255-255-0-255-255-0-255-255-0-255-255-0-255-255-0-255-255-0-255-255-0-255-255-0-255-0-0-0-0-0-0-0-0-0-0-0-0-255-0-255-255-0-255-255-0-255-255-0-255-255-0-255-255-0-255-255-0-255-255-0-255-255-0-255-255-0-255-255-0-255-255-0-255-255-0-255-255-0-255-255-0-255-255-0-255-255-0-255-255-0-255-255-0-255-255-0-255-255-0-255-255-0-255-255-0-255-255-0-255-255-0-255-255-0-255-255-0-255-255-0-255-255-0-255-255-0-255-255-0-255-255-0-255-255-0-255-255-0-255-255-0-255-255-0-255-255-0-255-255-0-255-255-0-255-255-0-255-255-0-255-255-0-255-255-0-255-255-0-255-255-0-255-255-0-255-255-0-255-255-0-255-255-0-255-255-0-255-255-0-255-255-0-255-255-0-255-255-0-255-255-0-255-255-0-255-255-0-255-255-0-255-255-0-255-255-0-255-0-0-0-0-0-0-0-0-0-0-0-0-255-0-255-255-0-255-255-0-255-255-0-255-255-0-255-255-0-255-255-0-255-255-0-255-255-0-255-255-0-255-255-0-255-255-0-255-255-0-255-255-0-255-255-0-255-255-0-255-255-0-255-255-0-255-255-0-255-255-0-255-255-0-255-255-0-255-255-0-255-255-0-255-255-0-255-255-0-255-255-0-255-255-0-255-255-0-255-255-0-255-255-0-255-255-0-255-255-0-255-255-0-255-255-0-255-255-0-255-255-0-255-255-0-255-255-0-255-255-0-255-255-0-255-255-0-255-255-0-255-255-0-255-255-0-255-255-0-255-255-0-255-255-0-255-255-0-255-255-0-255-255-0-255-255-0-255-255-0-255-255-0-255-255-0-255-255-0-255-255-0-255-255-0-255-255-0-255-255-0-255-0-0-0-0-0-0-0-0-0-0-0-0-255-0-255-255-0-255-255-0-255-255-0-255-255-0-255-255-0-255-255-0-255-255-0-255-255-0-255-255-0-255-255-0-255-255-0-255-255-0-255-255-0-255-255-0-255-255-0-255-255-0-255-255-0-255-255-0-255-255-0-255-255-0-255-255-0-255-255-0-255-255-0-255-255-0-255-255-0-255-255-0-255-255-0-255-255-0-255-255-0-255-255-0-255-255-0-255-255-0-255-255-0-255-255-0-255-255-0-255-255-0-255-255-0-255-255-0-255-255-0-255-255-0-255-255-0-255-255-0-255-255-0-255-255-0-255-255-0-255-255-0-255-255-0-255-255-0-255-255-0-255-255-0-255-255-0-255-255-0-255-255-0-255-255-0-255-255-0-255-255-0-255-255-0-255-255-0-255-255-0-255-0-0-0-0-0-0-0-0-0-0-0-0-255-0-255-255-0-255-255-0-255-255-0-255-255-0-255-255-0-255-255-0-255-255-0-255-255-0-255-255-0-255-255-0-255-255-0-255-255-0-255-255-0-255-255-0-255-255-0-255-255-0-255-255-0-255-255-0-255-255-0-255-255-0-255-255-0-255-255-0-255-255-0-255-255-0-255-255-0-255-255-0-255-255-0-255-255-0-255-255-0-255-255-0-255-255-0-255-255-0-255-255-0-255-255-0-255-255-0-255-255-0-255-255-0-255-255-0-255-255-0-255-255-0-255-255-0-255-255-0-255-255-0-255-255-0-255-255-0-255-255-0-255-255-0-255-255-0-255-255-0-255-255-0-255-255-0-255-255-0-255-255-0-255-255-0-255-255-0-255-255-0-255-255-0-255-255-0-255-255-0-255-0-0-0-0-0-0-0-0-0-0-0-0-255-0-255-255-0-255-255-0-255-255-0-255-255-0-255-255-0-255-255-0-255-255-0-255-255-0-255-255-0-255-255-0-255-255-0-255-255-0-255-255-0-255-255-0-255-255-0-255-255-0-255-255-0-255-255-0-255-255-0-255-255-0-255-255-0-255-255-0-255-255-0-255-255-0-255-255-0-255-255-0-255-255-0-255-255-0-255-255-0-255-255-0-255-255-0-255-255-0-255-255-0-255-255-0-255-255-0-255-255-0-255-255-0-255-255-0-255-255-0-255-255-0-255-255-0-255-255-0-255-255-0-255-255-0-255-255-0-255-255-0-255-255-0-255-255-0-255-255-0-255-255-0-255-255-0-255-255-0-255-255-0-255-255-0-255-255-0-255-255-0-255-255-0-255-255-0-255-255-0-255-0-0-0-0-0-0-0-0-0-0-0-0-255-0-255-255-0-255-255-0-255-255-0-255-255-0-255-255-0-255-255-0-255-255-0-255-255-0-255-255-0-255-255-0-255-255-0-255-255-0-255-255-0-255-255-0-255-255-0-255-255-0-255-255-0-255-255-0-255-255-0-255-255-0-255-255-0-255-255-0-255-255-0-255-255-0-255-255-0-255-255-0-255-255-0-255-255-0-255-255-0-255-255-0-255-255-0-255-255-0-255-255-0-255-255-0-255-255-0-255-255-0-255-255-0-255-255-0-255-255-0-255-255-0-255-255-0-255-255-0-255-255-0-255-255-0-255-255-0-255-255-0-255-255-0-255-255-0-255-255-0-255-255-0-255-255-0-255-255-0-255-255-0-255-255-0-255-255-0-255-255-0-255-255-0-255-255-0-255-255-0-255-0-0-0-0-0-0-0-0-0-0-0-0-255-0-255-255-0-255-255-0-255-255-0-255-255-0-255-255-0-255-255-0-255-255-0-255-255-0-255-255-0-255-255-0-255-255-0-255-255-0-255-255-0-255-255-0-255-255-0-255-255-0-255-255-0-255-255-0-255-255-0-255-255-0-255-255-0-255-255-0-255-255-0-255-255-0-255-255-0-255-255-0-255-255-0-255-255-0-255-255-0-255-255-0-255-255-0-255-255-0-255-255-0-255-255-0-255-255-0-255-255-0-255-255-0-255-255-0-255-255-0-255-255-0-255-255-0-255-255-0-255-255-0-255-255-0-255-255-0-255-255-0-255-255-0-255-255-0-255-255-0-255-255-0-255-255-0-255-255-0-255-255-0-255-255-0-255-255-0-255-255-0-255-255-0-255-255-0-255-255-0-255-0-0-0-0-0-0-0-0-0-0-0-0-255-0-255-255-0-255-255-0-255-255-0-255-255-0-255-255-0-255-255-0-255-255-0-255-255-0-255-255-0-255-255-0-255-255-0-255-255-0-255-255-0-255-255-0-255-255-0-255-255-0-255-255-0-255-255-0-255-255-0-255-255-0-255-255-0-255-255-0-255-255-0-255-255-0-255-255-0-255-255-0-255-255-0-255-255-0-255-255-0-255-255-0-255-255-0-255-255-0-255-255-0-255-255-0-255-255-0-255-255-0-255-255-0-255-255-0-255-255-0-255-255-0-255-255-0-255-255-0-255-255-0-255-255-0-255-255-0-255-255-0-255-255-0-255-255-0-255-255-0-255-255-0-255-255-0-255-255-0-255-255-0-255-255-0-255-255-0-255-255-0-255-255-0-255-255-0-255-255-0-255-0-0-0-0-0-0-0-0-0-0-0-0-255-0-255-255-0-255-255-0-255-255-0-255-255-0-255-255-0-255-255-0-255-255-0-255-255-0-255-255-0-255-255-0-255-255-0-255-255-0-255-255-0-255-255-0-255-255-0-255-255-0-255-255-0-255-255-0-255-255-0-255-255-0-255-255-0-255-255-0-255-255-0-255-255-0-255-255-0-255-255-0-255-255-0-255-255-0-255-255-0-255-255-0-255-255-0-255-255-0-255-255-0-255-255-0-255-255-0-255-255-0-255-255-0-255-255-0-255-255-0-255-255-0-255-255-0-255-255-0-255-255-0-255-255-0-255-255-0-255-255-0-255-255-0-255-255-0-255-255-0-255-255-0-255-255-0-255-255-0-255-255-0-255-255-0-255-255-0-255-255-0-255-255-0-255-255-0-255-255-0-255-0-0-0-0-0-0-0-0-0-0-0-0-255-0-255-255-0-255-255-0-255-255-0-255-255-0-255-255-0-255-255-0-255-255-0-255-255-0-255-255-0-255-255-0-255-255-0-255-255-0-255-255-0-255-255-0-255-255-0-255-255-0-255-255-0-255-255-0-255-255-0-255-255-0-255-255-0-255-255-0-255-255-0-255-255-0-255-255-0-255-255-0-255-255-0-255-255-0-255-255-0-255-255-0-255-255-0-255-255-0-255-255-0-255-255-0-255-255-0-255-255-0-255-255-0-255-255-0-255-255-0-255-255-0-255-255-0-255-255-0-255-255-0-255-255-0-255-255-0-255-255-0-255-255-0-255-255-0-255-255-0-255-255-0-255-255-0-255-255-0-255-255-0-255-255-0-255-255-0-255-255-0-255-255-0-255-255-0-255-255-0-255-0-0-0-0-0-0-0-0-0-0-0-0-255-0-255-255-0-255-255-0-255-255-0-255-255-0-255-255-0-255-255-0-255-255-0-255-255-0-255-255-0-255-255-0-255-255-0-255-255-0-255-255-0-255-255-0-255-255-0-255-255-0-255-255-0-255-255-0-255-255-0-255-255-0-255-255-0-255-255-0-255-255-0-255-255-0-255-255-0-255-255-0-255-255-0-255-255-0-255-255-0-255-255-0-255-255-0-255-255-0-255-255-0-255-255-0-255-255-0-255-255-0-255-255-0-255-255-0-255-255-0-255-255-0-255-255-0-255-255-0-255-255-0-255-255-0-255-255-0-255-255-0-255-255-0-255-255-0-255-255-0-255-255-0-255-255-0-255-255-0-255-255-0-255-255-0-255-255-0-255-255-0-255-255-0-255-255-0-255-255-0-255-0-0-0-0-0-0-0-0-0-0-0-0-255-0-255-255-0-255-255-0-255-255-0-255-255-0-255-255-0-255-255-0-255-255-0-255-255-0-255-255-0-255-255-0-255-255-0-255-255-0-255-255-0-255-255-0-255-255-0-255-255-0-255-255-0-255-255-0-255-255-0-255-255-0-255-255-0-255-255-0-255-255-0-255-255-0-255-255-0-255-255-0-255-255-0-255-255-0-255-255-0-255-255-0-255-255-0-255-255-0-255-255-0-255-255-0-255-255-0-255-255-0-255-255-0-255-255-0-255-255-0-255-255-0-255-255-0-255-255-0-255-255-0-255-255-0-255-255-0-255-255-0-255-255-0-255-255-0-255-255-0-255-255-0-255-255-0-255-255-0-255-255-0-255-255-0-255-255-0-255-255-0-255-255-0-255-255-0-255-255-0-255-0-0-0-0-0-0-0-0-0-0-0-0-255-0-255-255-0-255-255-0-255-255-0-255-255-0-255-255-0-255-255-0-255-255-0-255-255-0-255-255-0-255-255-0-255-255-0-255-255-0-255-255-0-255-255-0-255-255-0-255-255-0-255-255-0-255-255-0-255-255-0-255-255-0-255-255-0-255-255-0-255-255-0-255-255-0-255-255-0-255-255-0-255-255-0-255-255-0-255-255-0-255-255-0-255-255-0-255-255-0-255-255-0-255-255-0-255-255-0-255-255-0-255-255-0-255-255-0-255-255-0-255-255-0-255-255-0-255-255-0-255-255-0-255-255-0-255-255-0-255-255-0-255-255-0-255-255-0-255-255-0-255-255-0-255-255-0-255-255-0-255-255-0-255-255-0-255-255-0-255-255-0-255-255-0-255-255-0-255-255-0-255-0-0-0-0-0-0-0-0-0-0-0-0-255-0-255-255-0-255-255-0-255-255-0-255-255-0-255-255-0-255-255-0-255-255-0-255-255-0-255-255-0-255-255-0-255-255-0-255-255-0-255-255-0-255-255-0-255-255-0-255-255-0-255-255-0-255-255-0-255-255-0-255-255-0-255-255-0-255-255-0-255-255-0-255-255-0-255-255-0-255-255-0-255-255-0-255-255-0-255-255-0-255-255-0-255-255-0-255-255-0-255-255-0-255-255-0-255-255-0-255-255-0-255-255-0-255-255-0-255-255-0-255-255-0-255-255-0-255-255-0-255-255-0-255-255-0-255-255-0-255-255-0-255-255-0-255-255-0-255-255-0-255-255-0-255-255-0-255-255-0-255-255-0-255-255-0-255-255-0-255-255-0-255-255-0-255-255-0-255-255-0-255-0-0-0-0-0-0-0-0-0-0-0-0-255-0-255-255-0-255-255-0-255-255-0-255-255-0-255-255-0-255-255-0-255-255-0-255-255-0-255-255-0-255-255-0-255-255-0-255-255-0-255-255-0-255-255-0-255-255-0-255-255-0-255-255-0-255-255-0-255-255-0-255-255-0-255-255-0-255-255-0-255-255-0-255-255-0-255-255-0-255-255-0-255-255-0-255-255-0-255-255-0-255-255-0-255-255-0-255-255-0-255-255-0-255-255-0-255-255-0-255-255-0-255-255-0-255-255-0-255-255-0-255-255-0-255-255-0-255-255-0-255-255-0-255-255-0-255-255-0-255-255-0-255-255-0-255-255-0-255-255-0-255-255-0-255-255-0-255-255-0-255-255-0-255-255-0-255-255-0-255-255-0-255-255-0-255-255-0-255-255-0-255-0-0-0-0-0-0-0-0-0-0-0-0-255-0-255-255-0-255-255-0-255-255-0-255-255-0-255-255-0-255-255-0-255-255-0-255-255-0-255-255-0-255-255-0-255-255-0-255-255-0-255-255-0-255-255-0-255-255-0-255-255-0-255-255-0-255-255-0-255-255-0-255-255-0-255-255-0-255-255-0-255-255-0-255-255-0-255-255-0-255-255-0-255-255-0-255-255-0-255-255-0-255-255-0-255-255-0-255-255-0-255-255-0-255-255-0-255-255-0-255-255-0-255-255-0-255-255-0-255-255-0-255-255-0-255-255-0-255-255-0-255-255-0-255-255-0-255-255-0-255-255-0-255-255-0-255-255-0-255-255-0-255-255-0-255-255-0-255-255-0-255-255-0-255-255-0-255-255-0-255-255-0-255-255-0-255-255-0-255-255-0-255-0-0-0-0-0-0-0-0-0-0-0-0-255-0-255-255-0-255-255-0-255-255-0-255-255-0-255-255-0-255-255-0-255-255-0-255-255-0-255-255-0-255-255-0-255-255-0-255-255-0-255-255-0-255-255-0-255-255-0-255-255-0-255-255-0-255-255-0-255-255-0-255-255-0-255-255-0-255-255-0-255-255-0-255-255-0-255-255-0-255-255-0-255-255-0-255-255-0-255-255-0-255-255-0-255-255-0-255-255-0-255-255-0-255-255-0-255-255-0-255-255-0-255-255-0-255-255-0-255-255-0-255-255-0-255-255-0-255-255-0-255-255-0-255-255-0-255-255-0-255-255-0-255-255-0-255-255-0-255-255-0-255-255-0-255-255-0-255-255-0-255-255-0-255-255-0-255-255-0-255-255-0-255-255-0-255-255-0-255-255-0-255-0-0-0-0-0-0-0-0-0-0-0-0-255-0-255-255-0-255-255-0-255-255-0-255-255-0-255-255-0-255-255-0-255-255-0-255-255-0-255-255-0-255-255-0-255-255-0-255-255-0-255-255-0-255-255-0-255-255-0-255-255-0-255-255-0-255-255-0-255-255-0-255-255-0-255-255-0-255-68-68-68-68-68-68-68-68-68-68-68-68-68-68-68-68-68-68-68-68-68-68-68-68-68-68-68-68-68-68-68-68-68-68-68-68-68-68-68-68-68-68-68-68-68-68-68-68-255-0-255-255-0-255-255-0-255-255-0-255-255-0-255-255-0-255-255-0-255-255-0-255-255-0-255-255-0-255-255-0-255-255-0-255-255-0-255-255-0-255-255-0-255-255-0-255-255-0-255-255-0-255-255-0-255-255-0-255-255-0-255-255-0-255-0-0-0-0-0-0-0-0-0-0-0-0-255-0-255-255-0-255-255-0-255-255-0-255-255-0-255-255-0-255-255-0-255-255-0-255-255-0-255-255-0-255-255-0-255-255-0-255-255-0-255-255-0-255-255-0-255-255-0-255-255-0-255-255-0-255-255-0-255-255-0-255-255-0-255-255-0-255-68-68-68-68-68-68-68-68-68-68-68-68-68-68-68-68-68-68-68-68-68-68-68-68-68-68-68-68-68-68-68-68-68-68-68-68-68-68-68-68-68-68-68-68-68-68-68-68-255-0-255-255-0-255-255-0-255-255-0-255-255-0-255-255-0-255-255-0-255-255-0-255-255-0-255-255-0-255-255-0-255-255-0-255-255-0-255-255-0-255-255-0-255-255-0-255-255-0-255-255-0-255-255-0-255-255-0-255-255-0-255-255-0-255-0-0-0-0-0-0-0-0-0-0-0-0-255-0-255-255-0-255-255-0-255-255-0-255-255-0-255-255-0-255-255-0-255-255-0-255-255-0-255-255-0-255-255-0-255-255-0-255-255-0-255-255-0-255-255-0-255-255-0-255-255-0-255-255-0-255-255-0-255-255-0-255-255-0-255-255-0-255-68-68-68-68-68-68-68-68-68-68-68-68-68-68-68-68-68-68-68-68-68-68-68-68-68-68-68-68-68-68-68-68-68-68-68-68-68-68-68-68-68-68-68-68-68-68-68-68-255-0-255-255-0-255-255-0-255-255-0-255-255-0-255-255-0-255-255-0-255-255-0-255-255-0-255-255-0-255-255-0-255-255-0-255-255-0-255-255-0-255-255-0-255-255-0-255-255-0-255-255-0-255-255-0-255-255-0-255-255-0-255-255-0-255-0-0-0-0-0-0-0-0-0-0-0-0-255-0-255-255-0-255-255-0-255-255-0-255-255-0-255-255-0-255-255-0-255-255-0-255-255-0-255-255-0-255-255-0-255-255-0-255-255-0-255-255-0-255-255-0-255-255-0-255-255-0-255-255-0-255-255-0-255-255-0-255-255-0-255-255-0-255-68-68-68-68-68-68-68-68-68-68-68-68-68-68-68-68-68-68-68-68-68-68-68-68-68-68-68-68-68-68-68-68-68-68-68-68-68-68-68-68-68-68-68-68-68-68-68-68-255-0-255-255-0-255-255-0-255-255-0-255-255-0-255-255-0-255-255-0-255-255-0-255-255-0-255-255-0-255-255-0-255-255-0-255-255-0-255-255-0-255-255-0-255-255-0-255-255-0-255-255-0-255-255-0-255-255-0-255-255-0-255-255-0-255-0-0-0-0-0-0-0-0-0-0-0-0-255-0-255-255-0-255-255-0-255-255-0-255-255-0-255-255-0-255-255-0-255-255-0-255-255-0-255-255-0-255-255-0-255-255-0-255-255-0-255-255-0-255-255-0-255-255-0-255-255-0-255-255-0-255-255-0-255-255-0-255-255-0-255-255-0-255-68-68-68-68-68-68-68-68-68-68-68-68-68-68-68-68-68-68-68-68-68-68-68-68-68-68-68-68-68-68-68-68-68-68-68-68-68-68-68-68-68-68-68-68-68-68-68-68-255-0-255-255-0-255-255-0-255-255-0-255-255-0-255-255-0-255-255-0-255-255-0-255-255-0-255-255-0-255-255-0-255-255-0-255-255-0-255-255-0-255-255-0-255-255-0-255-255-0-255-255-0-255-255-0-255-255-0-255-255-0-255-255-0-255-0-0-0-0-0-0-0-0-0-0-0-0-255-0-255-255-0-255-255-0-255-255-0-255-255-0-255-255-0-255-255-0-255-255-0-255-255-0-255-255-0-255-255-0-255-255-0-255-255-0-255-255-0-255-255-0-255-255-0-255-255-0-255-255-0-255-255-0-255-255-0-255-255-0-255-255-0-255-68-68-68-68-68-68-68-68-68-68-68-68-68-68-68-68-68-68-68-68-68-68-68-68-68-68-68-68-68-68-68-68-68-68-68-68-68-68-68-68-68-68-68-68-68-68-68-68-255-0-255-255-0-255-255-0-255-255-0-255-255-0-255-255-0-255-255-0-255-255-0-255-255-0-255-255-0-255-255-0-255-255-0-255-255-0-255-255-0-255-255-0-255-255-0-255-255-0-255-255-0-255-255-0-255-255-0-255-255-0-255-255-0-255-0-0-0-0-0-0-0-0-0-0-0-0-255-0-255-255-0-255-255-0-255-255-0-255-255-0-255-255-0-255-255-0-255-255-0-255-255-0-255-255-0-255-255-0-255-255-0-255-255-0-255-255-0-255-255-0-255-255-0-255-255-0-255-255-0-255-255-0-255-255-0-255-255-0-255-255-0-255-68-68-68-68-68-68-68-68-68-68-68-68-68-68-68-68-68-68-68-68-68-68-68-68-68-68-68-68-68-68-68-68-68-68-68-68-68-68-68-68-68-68-68-68-68-68-68-68-255-0-255-255-0-255-255-0-255-255-0-255-255-0-255-255-0-255-255-0-255-255-0-255-255-0-255-255-0-255-255-0-255-255-0-255-255-0-255-255-0-255-255-0-255-255-0-255-255-0-255-255-0-255-255-0-255-255-0-255-255-0-255-255-0-255-0-0-0-0-0-0-0-0-0-0-0-0-255-0-255-255-0-255-255-0-255-255-0-255-255-0-255-255-0-255-255-0-255-255-0-255-255-0-255-255-0-255-255-0-255-255-0-255-255-0-255-255-0-255-255-0-255-255-0-255-255-0-255-255-0-255-255-0-255-255-0-255-255-0-255-255-0-255-68-68-68-68-68-68-68-68-68-68-68-68-68-68-68-68-68-68-68-68-68-68-68-68-68-68-68-68-68-68-68-68-68-68-68-68-68-68-68-68-68-68-68-68-68-68-68-68-255-0-255-255-0-255-255-0-255-255-0-255-255-0-255-255-0-255-255-0-255-255-0-255-255-0-255-255-0-255-255-0-255-255-0-255-255-0-255-255-0-255-255-0-255-255-0-255-255-0-255-255-0-255-255-0-255-255-0-255-255-0-255-255-0-255-0-0-0-0-0-0-0-0-0-0-0-0-255-0-255-255-0-255-255-0-255-255-0-255-255-0-255-255-0-255-255-0-255-255-0-255-255-0-255-255-0-255-255-0-255-255-0-255-255-0-255-255-0-255-255-0-255-255-0-255-255-0-255-255-0-255-255-0-255-255-0-255-255-0-255-255-0-255-68-68-68-68-68-68-68-68-68-68-68-68-68-68-68-68-68-68-68-68-68-68-68-68-68-68-68-68-68-68-68-68-68-68-68-68-68-68-68-68-68-68-68-68-68-68-68-68-255-0-255-255-0-255-255-0-255-255-0-255-255-0-255-255-0-255-255-0-255-255-0-255-255-0-255-255-0-255-255-0-255-255-0-255-255-0-255-255-0-255-255-0-255-255-0-255-255-0-255-255-0-255-255-0-255-255-0-255-255-0-255-255-0-255-0-0-0-0-0-0-0-0-0-0-0-0-255-0-255-255-0-255-255-0-255-255-0-255-255-0-255-255-0-255-255-0-255-255-0-255-255-0-255-255-0-255-255-0-255-255-0-255-255-0-255-255-0-255-255-0-255-255-0-255-255-0-255-255-0-255-255-0-255-255-0-255-255-0-255-255-0-255-68-68-68-68-68-68-68-68-68-68-68-68-68-68-68-68-68-68-68-68-68-68-68-68-68-68-68-68-68-68-68-68-68-68-68-68-68-68-68-68-68-68-68-68-68-68-68-68-255-0-255-255-0-255-255-0-255-255-0-255-255-0-255-255-0-255-255-0-255-255-0-255-255-0-255-255-0-255-255-0-255-255-0-255-255-0-255-255-0-255-255-0-255-255-0-255-255-0-255-255-0-255-255-0-255-255-0-255-255-0-255-255-0-255-0-0-0-0-0-0-0-0-0-0-0-0-255-0-255-255-0-255-255-0-255-255-0-255-255-0-255-255-0-255-255-0-255-255-0-255-255-0-255-255-0-255-255-0-255-255-0-255-255-0-255-255-0-255-255-0-255-255-0-255-255-0-255-255-0-255-255-0-255-255-0-255-255-0-255-255-0-255-68-68-68-68-68-68-68-68-68-68-68-68-68-68-68-68-68-68-68-68-68-68-68-68-68-68-68-68-68-68-68-68-68-68-68-68-68-68-68-68-68-68-68-68-68-68-68-68-255-0-255-255-0-255-255-0-255-255-0-255-255-0-255-255-0-255-255-0-255-255-0-255-255-0-255-255-0-255-255-0-255-255-0-255-255-0-255-255-0-255-255-0-255-255-0-255-255-0-255-255-0-255-255-0-255-255-0-255-255-0-255-255-0-255-0-0-0-0-0-0-0-0-0-0-0-0-255-0-255-255-0-255-255-0-255-255-0-255-255-0-255-255-0-255-255-0-255-255-0-255-255-0-255-255-0-255-255-0-255-255-0-255-255-0-255-255-0-255-255-0-255-255-0-255-255-0-255-255-0-255-255-0-255-255-0-255-255-0-255-255-0-255-68-68-68-68-68-68-68-68-68-68-68-68-68-68-68-68-68-68-68-68-68-68-68-68-68-68-68-68-68-68-68-68-68-68-68-68-68-68-68-68-68-68-68-68-68-68-68-68-255-0-255-255-0-255-255-0-255-255-0-255-255-0-255-255-0-255-255-0-255-255-0-255-255-0-255-255-0-255-255-0-255-255-0-255-255-0-255-255-0-255-255-0-255-255-0-255-255-0-255-255-0-255-255-0-255-255-0-255-255-0-255-255-0-255-0-0-0-0-0-0-0-0-0-0-0-0-255-0-255-255-0-255-255-0-255-255-0-255-255-0-255-255-0-255-255-0-255-255-0-255-255-0-255-255-0-255-255-0-255-255-0-255-255-0-255-255-0-255-255-0-255-255-0-255-255-0-255-255-0-255-255-0-255-255-0-255-255-0-255-255-0-255-68-68-68-68-68-68-68-68-68-68-68-68-68-68-68-68-68-68-68-68-68-68-68-68-68-68-68-68-68-68-68-68-68-68-68-68-68-68-68-68-68-68-68-68-68-68-68-68-255-0-255-255-0-255-255-0-255-255-0-255-255-0-255-255-0-255-255-0-255-255-0-255-255-0-255-255-0-255-255-0-255-255-0-255-255-0-255-255-0-255-255-0-255-255-0-255-255-0-255-255-0-255-255-0-255-255-0-255-255-0-255-255-0-255-0-0-0-0-0-0-0-0-0-0-0-0-255-0-255-255-0-255-255-0-255-255-0-255-255-0-255-255-0-255-255-0-255-255-0-255-255-0-255-255-0-255-255-0-255-255-0-255-255-0-255-255-0-255-255-0-255-255-0-255-255-0-255-255-0-255-255-0-255-255-0-255-255-0-255-255-0-255-68-68-68-68-68-68-68-68-68-68-68-68-68-68-68-68-68-68-68-68-68-68-68-68-68-68-68-68-68-68-68-68-68-68-68-68-68-68-68-68-68-68-68-68-68-68-68-68-255-0-255-255-0-255-255-0-255-255-0-255-255-0-255-255-0-255-255-0-255-255-0-255-255-0-255-255-0-255-255-0-255-255-0-255-255-0-255-255-0-255-255-0-255-255-0-255-255-0-255-255-0-255-255-0-255-255-0-255-255-0-255-255-0-255-0-0-0-0-0-0-0-0-0-0-0-0-255-0-255-255-0-255-255-0-255-255-0-255-255-0-255-255-0-255-255-0-255-255-0-255-255-0-255-255-0-255-255-0-255-255-0-255-255-0-255-255-0-255-255-0-255-255-0-255-255-0-255-255-0-255-255-0-255-255-0-255-255-0-255-255-0-255-68-68-68-68-68-68-68-68-68-68-68-68-68-68-68-68-68-68-68-68-68-68-68-68-68-68-68-68-68-68-68-68-68-68-68-68-68-68-68-68-68-68-68-68-68-68-68-68-255-0-255-255-0-255-255-0-255-255-0-255-255-0-255-255-0-255-255-0-255-255-0-255-255-0-255-255-0-255-255-0-255-255-0-255-255-0-255-255-0-255-255-0-255-255-0-255-255-0-255-255-0-255-255-0-255-255-0-255-255-0-255-255-0-255-0-0-0-0-0-0-0-0-0-0-0-0-255-0-255-255-0-255-255-0-255-255-0-255-255-0-255-255-0-255-255-0-255-255-0-255-255-0-255-255-0-255-255-0-255-255-0-255-255-0-255-255-0-255-255-0-255-255-0-255-255-0-255-255-0-255-255-0-255-255-0-255-255-0-255-255-0-255-68-68-68-68-68-68-68-68-68-68-68-68-68-68-68-68-68-68-68-68-68-68-68-68-68-68-68-68-68-68-68-68-68-68-68-68-68-68-68-68-68-68-68-68-68-68-68-68-255-0-255-255-0-255-255-0-255-255-0-255-255-0-255-255-0-255-255-0-255-255-0-255-255-0-255-255-0-255-255-0-255-255-0-255-255-0-255-255-0-255-255-0-255-255-0-255-255-0-255-255-0-255-255-0-255-255-0-255-255-0-255-255-0-255-0-0-0-0-0-0-0-0-0-0-0-0-255-0-255-255-0-255-255-0-255-255-0-255-255-0-255-255-0-255-255-0-255-255-0-255-255-0-255-255-0-255-255-0-255-255-0-255-255-0-255-255-0-255-255-0-255-255-0-255-255-0-255-255-0-255-255-0-255-255-0-255-255-0-255-255-0-255-255-0-255-255-0-255-255-0-255-255-0-255-255-0-255-255-0-255-255-0-255-255-0-255-255-0-255-255-0-255-255-0-255-255-0-255-255-0-255-255-0-255-255-0-255-255-0-255-255-0-255-255-0-255-255-0-255-255-0-255-255-0-255-255-0-255-255-0-255-255-0-255-255-0-255-255-0-255-255-0-255-255-0-255-255-0-255-255-0-255-255-0-255-255-0-255-255-0-255-255-0-255-255-0-255-255-0-255-255-0-255-255-0-255-0-0-0-0-0-0-0-0-0-0-0-0-255-0-255-255-0-255-255-0-255-255-0-255-255-0-255-255-0-255-255-0-255-255-0-255-255-0-255-255-0-255-255-0-255-255-0-255-255-0-255-255-0-255-255-0-255-255-0-255-255-0-255-255-0-255-255-0-255-255-0-255-255-0-255-255-0-255-255-0-255-255-0-255-255-0-255-255-0-255-255-0-255-255-0-255-255-0-255-255-0-255-255-0-255-255-0-255-255-0-255-255-0-255-255-0-255-255-0-255-255-0-255-255-0-255-255-0-255-255-0-255-255-0-255-255-0-255-255-0-255-255-0-255-255-0-255-255-0-255-255-0-255-255-0-255-255-0-255-255-0-255-255-0-255-255-0-255-255-0-255-255-0-255-255-0-255-255-0-255-255-0-255-255-0-255-255-0-255-255-0-255-0-0-0-0-0-0-0-0-0-0-0-0-255-0-255-255-0-255-255-0-255-255-0-255-255-0-255-255-0-255-255-0-255-255-0-255-255-0-255-255-0-255-255-0-255-255-0-255-255-0-255-255-0-255-255-0-255-255-0-255-255-0-255-255-0-255-255-0-255-255-0-255-255-0-255-255-0-255-255-0-255-255-0-255-255-0-255-255-0-255-255-0-255-255-0-255-255-0-255-255-0-255-255-0-255-255-0-255-255-0-255-255-0-255-255-0-255-255-0-255-255-0-255-255-0-255-255-0-255-255-0-255-255-0-255-255-0-255-255-0-255-255-0-255-255-0-255-255-0-255-255-0-255-255-0-255-255-0-255-255-0-255-255-0-255-255-0-255-255-0-255-255-0-255-255-0-255-255-0-255-255-0-255-255-0-255-255-0-255-255-0-255-0-0-0-0-0-0-0-0-0-0-0-0-255-0-255-255-0-255-255-0-255-255-0-255-255-0-255-255-0-255-255-0-255-255-0-255-255-0-255-255-0-255-255-0-255-255-0-255-255-0-255-255-0-255-255-0-255-255-0-255-255-0-255-255-0-255-255-0-255-255-0-255-255-0-255-255-0-255-255-0-255-255-0-255-255-0-255-255-0-255-255-0-255-255-0-255-255-0-255-255-0-255-255-0-255-255-0-255-255-0-255-255-0-255-255-0-255-255-0-255-255-0-255-255-0-255-255-0-255-255-0-255-255-0-255-255-0-255-255-0-255-255-0-255-255-0-255-255-0-255-255-0-255-255-0-255-255-0-255-255-0-255-255-0-255-255-0-255-255-0-255-255-0-255-255-0-255-255-0-255-255-0-255-255-0-255-255-0-255-255-0-255-0-0-0-0-0-0-0-0-0-0-0-0-255-0-255-255-0-255-255-0-255-255-0-255-255-0-255-255-0-255-255-0-255-255-0-255-255-0-255-255-0-255-255-0-255-255-0-255-255-0-255-255-0-255-255-0-255-255-0-255-255-0-255-255-0-255-255-0-255-255-0-255-255-0-255-255-0-255-255-0-255-255-0-255-255-0-255-255-0-255-255-0-255-255-0-255-255-0-255-255-0-255-255-0-255-255-0-255-255-0-255-255-0-255-255-0-255-255-0-255-255-0-255-255-0-255-255-0-255-255-0-255-255-0-255-255-0-255-255-0-255-255-0-255-255-0-255-255-0-255-255-0-255-255-0-255-255-0-255-255-0-255-255-0-255-255-0-255-255-0-255-255-0-255-255-0-255-255-0-255-255-0-255-255-0-255-255-0-255-255-0-255-0-0-0-0-0-0-0-0-0-0-0-0-255-0-255-255-0-255-255-0-255-255-0-255-255-0-255-255-0-255-255-0-255-255-0-255-255-0-255-255-0-255-255-0-255-255-0-255-255-0-255-255-0-255-255-0-255-255-0-255-255-0-255-255-0-255-255-0-255-255-0-255-255-0-255-255-0-255-255-0-255-255-0-255-255-0-255-255-0-255-255-0-255-255-0-255-255-0-255-255-0-255-255-0-255-255-0-255-255-0-255-255-0-255-255-0-255-255-0-255-255-0-255-255-0-255-255-0-255-255-0-255-255-0-255-255-0-255-255-0-255-255-0-255-255-0-255-255-0-255-255-0-255-255-0-255-255-0-255-255-0-255-255-0-255-255-0-255-255-0-255-255-0-255-255-0-255-255-0-255-255-0-255-255-0-255-255-0-255-255-0-255-0-0-0-0-0-0-0-0-0-0-0-0-255-0-255-255-0-255-255-0-255-255-0-255-255-0-255-255-0-255-255-0-255-255-0-255-255-0-255-255-0-255-255-0-255-255-0-255-255-0-255-255-0-255-255-0-255-255-0-255-255-0-255-255-0-255-255-0-255-255-0-255-255-0-255-255-0-255-255-0-255-255-0-255-255-0-255-255-0-255-255-0-255-255-0-255-255-0-255-255-0-255-255-0-255-255-0-255-255-0-255-255-0-255-255-0-255-255-0-255-255-0-255-255-0-255-255-0-255-255-0-255-255-0-255-255-0-255-255-0-255-255-0-255-255-0-255-255-0-255-255-0-255-255-0-255-255-0-255-255-0-255-255-0-255-255-0-255-255-0-255-255-0-255-255-0-255-255-0-255-255-0-255-255-0-255-255-0-255-255-0-255-0-0-0-0-0-0-0-0-0-0-0-0-255-0-255-255-0-255-255-0-255-255-0-255-255-0-255-255-0-255-255-0-255-255-0-255-255-0-255-255-0-255-255-0-255-255-0-255-255-0-255-255-0-255-255-0-255-255-0-255-255-0-255-255-0-255-255-0-255-255-0-255-255-0-255-255-0-255-255-0-255-255-0-255-255-0-255-255-0-255-255-0-255-255-0-255-255-0-255-255-0-255-255-0-255-255-0-255-255-0-255-255-0-255-255-0-255-255-0-255-255-0-255-255-0-255-255-0-255-255-0-255-255-0-255-255-0-255-255-0-255-255-0-255-255-0-255-255-0-255-255-0-255-255-0-255-255-0-255-255-0-255-255-0-255-255-0-255-255-0-255-255-0-255-255-0-255-255-0-255-255-0-255-255-0-255-255-0-255-255-0-255-0-0-0-0-0-0-0-0-0-0-0-0-255-0-255-255-0-255-255-0-255-255-0-255-255-0-255-255-0-255-255-0-255-255-0-255-255-0-255-255-0-255-255-0-255-255-0-255-255-0-255-255-0-255-255-0-255-255-0-255-255-0-255-255-0-255-255-0-255-255-0-255-255-0-255-255-0-255-255-0-255-255-0-255-255-0-255-255-0-255-255-0-255-255-0-255-255-0-255-255-0-255-255-0-255-255-0-255-255-0-255-255-0-255-255-0-255-255-0-255-255-0-255-255-0-255-255-0-255-255-0-255-255-0-255-255-0-255-255-0-255-255-0-255-255-0-255-255-0-255-255-0-255-255-0-255-255-0-255-255-0-255-255-0-255-255-0-255-255-0-255-255-0-255-255-0-255-255-0-255-255-0-255-255-0-255-255-0-255-255-0-255-0-0-0-0-0-0-0-0-0-0-0-0-255-0-255-255-0-255-255-0-255-255-0-255-255-0-255-255-0-255-255-0-255-255-0-255-255-0-255-255-0-255-255-0-255-255-0-255-255-0-255-255-0-255-255-0-255-255-0-255-255-0-255-255-0-255-255-0-255-255-0-255-255-0-255-255-0-255-255-0-255-255-0-255-255-0-255-255-0-255-255-0-255-255-0-255-255-0-255-255-0-255-255-0-255-255-0-255-255-0-255-255-0-255-255-0-255-255-0-255-255-0-255-255-0-255-255-0-255-255-0-255-255-0-255-255-0-255-255-0-255-255-0-255-255-0-255-255-0-255-255-0-255-255-0-255-255-0-255-255-0-255-255-0-255-255-0-255-255-0-255-255-0-255-255-0-255-255-0-255-255-0-255-255-0-255-255-0-255-255-0-255-0-0-0-0-0-0-0-0-0-0-0-0-255-0-255-255-0-255-255-0-255-255-0-255-255-0-255-255-0-255-255-0-255-255-0-255-255-0-255-255-0-255-255-0-255-255-0-255-255-0-255-255-0-255-255-0-255-255-0-255-255-0-255-255-0-255-255-0-255-255-0-255-255-0-255-255-0-255-255-0-255-255-0-255-255-0-255-255-0-255-255-0-255-255-0-255-255-0-255-255-0-255-255-0-255-255-0-255-255-0-255-255-0-255-255-0-255-255-0-255-255-0-255-255-0-255-255-0-255-255-0-255-255-0-255-255-0-255-255-0-255-255-0-255-255-0-255-255-0-255-255-0-255-255-0-255-255-0-255-255-0-255-255-0-255-255-0-255-255-0-255-255-0-255-255-0-255-255-0-255-255-0-255-255-0-255-255-0-255-255-0-255-0-0-0-0-0-0-0-0-0-0-0-0-255-0-255-255-0-255-255-0-255-255-0-255-255-0-255-255-0-255-255-0-255-255-0-255-255-0-255-255-0-255-255-0-255-255-0-255-255-0-255-255-0-255-255-0-255-255-0-255-255-0-255-255-0-255-255-0-255-255-0-255-255-0-255-255-0-255-255-0-255-255-0-255-255-0-255-255-0-255-255-0-255-255-0-255-255-0-255-255-0-255-255-0-255-255-0-255-255-0-255-255-0-255-255-0-255-255-0-255-255-0-255-255-0-255-255-0-255-255-0-255-255-0-255-255-0-255-255-0-255-255-0-255-255-0-255-255-0-255-255-0-255-255-0-255-255-0-255-255-0-255-255-0-255-255-0-255-255-0-255-255-0-255-255-0-255-255-0-255-255-0-255-255-0-255-255-0-255-255-0-255-0-0-0-0-0-0-0-0-0-0-0-0-255-0-255-255-0-255-255-0-255-255-0-255-255-0-255-255-0-255-255-0-255-255-0-255-255-0-255-255-0-255-255-0-255-255-0-255-255-0-255-255-0-255-255-0-255-255-0-255-255-0-255-255-0-255-255-0-255-255-0-255-255-0-255-255-0-255-255-0-255-255-0-255-255-0-255-255-0-255-255-0-255-255-0-255-255-0-255-255-0-255-255-0-255-255-0-255-255-0-255-255-0-255-255-0-255-255-0-255-255-0-255-255-0-255-255-0-255-255-0-255-255-0-255-255-0-255-255-0-255-255-0-255-255-0-255-255-0-255-255-0-255-255-0-255-255-0-255-255-0-255-255-0-255-255-0-255-255-0-255-255-0-255-255-0-255-255-0-255-255-0-255-255-0-255-255-0-255-255-0-255-0-0-0-0-0-0-0-0-0-0-0-0-255-0-255-255-0-255-255-0-255-255-0-255-255-0-255-255-0-255-255-0-255-255-0-255-255-0-255-255-0-255-255-0-255-255-0-255-255-0-255-255-0-255-255-0-255-255-0-255-255-0-255-255-0-255-255-0-255-255-0-255-255-0-255-255-0-255-255-0-255-255-0-255-255-0-255-255-0-255-255-0-255-255-0-255-255-0-255-255-0-255-255-0-255-255-0-255-255-0-255-255-0-255-255-0-255-255-0-255-255-0-255-255-0-255-255-0-255-255-0-255-255-0-255-255-0-255-255-0-255-255-0-255-255-0-255-255-0-255-255-0-255-255-0-255-255-0-255-255-0-255-255-0-255-255-0-255-255-0-255-255-0-255-255-0-255-255-0-255-255-0-255-255-0-255-255-0-255-255-0-255-0-0-0-0-0-0-0-0-0-0-0-0-255-0-255-255-0-255-255-0-255-255-0-255-255-0-255-255-0-255-255-0-255-255-0-255-255-0-255-255-0-255-255-0-255-255-0-255-255-0-255-255-0-255-255-0-255-255-0-255-255-0-255-255-0-255-255-0-255-255-0-255-255-0-255-255-0-255-255-0-255-255-0-255-255-0-255-255-0-255-255-0-255-255-0-255-255-0-255-255-0-255-255-0-255-255-0-255-255-0-255-255-0-255-255-0-255-255-0-255-255-0-255-255-0-255-255-0-255-255-0-255-255-0-255-255-0-255-255-0-255-255-0-255-255-0-255-255-0-255-255-0-255-255-0-255-255-0-255-255-0-255-255-0-255-255-0-255-255-0-255-255-0-255-255-0-255-255-0-255-255-0-255-255-0-255-255-0-255-255-0-255-0-0-0-0-0-0-0-0-0-0-0-0-255-0-255-255-0-255-255-0-255-255-0-255-255-0-255-255-0-255-255-0-255-255-0-255-255-0-255-255-0-255-255-0-255-255-0-255-255-0-255-255-0-255-255-0-255-255-0-255-255-0-255-255-0-255-255-0-255-255-0-255-255-0-255-255-0-255-255-0-255-255-0-255-255-0-255-255-0-255-255-0-255-255-0-255-255-0-255-255-0-255-255-0-255-255-0-255-255-0-255-255-0-255-255-0-255-255-0-255-255-0-255-255-0-255-255-0-255-255-0-255-255-0-255-255-0-255-255-0-255-255-0-255-255-0-255-255-0-255-255-0-255-255-0-255-255-0-255-255-0-255-255-0-255-255-0-255-255-0-255-255-0-255-255-0-255-255-0-255-255-0-255-255-0-255-255-0-255-255-0-255-0-0-0-0-0-0-0-0-0-0-0-0-255-0-255-255-0-255-255-0-255-255-0-255-255-0-255-255-0-255-255-0-255-255-0-255-255-0-255-255-0-255-255-0-255-255-0-255-255-0-255-255-0-255-255-0-255-255-0-255-255-0-255-255-0-255-255-0-255-255-0-255-255-0-255-255-0-255-255-0-255-255-0-255-255-0-255-255-0-255-255-0-255-255-0-255-255-0-255-255-0-255-255-0-255-255-0-255-255-0-255-255-0-255-255-0-255-255-0-255-255-0-255-255-0-255-255-0-255-255-0-255-255-0-255-255-0-255-255-0-255-255-0-255-255-0-255-255-0-255-255-0-255-255-0-255-255-0-255-255-0-255-255-0-255-255-0-255-255-0-255-255-0-255-255-0-255-255-0-255-255-0-255-255-0-255-255-0-255-255-0-255-0-0-0-0-0-0-0-0-0-0-0-0-255-0-255-255-0-255-255-0-255-255-0-255-255-0-255-255-0-255-255-0-255-255-0-255-255-0-255-255-0-255-255-0-255-255-0-255-255-0-255-255-0-255-255-0-255-255-0-255-255-0-255-255-0-255-255-0-255-255-0-255-255-0-255-255-0-255-255-0-255-255-0-255-255-0-255-255-0-255-255-0-255-255-0-255-255-0-255-255-0-255-255-0-255-255-0-255-255-0-255-255-0-255-255-0-255-255-0-255-255-0-255-255-0-255-255-0-255-255-0-255-255-0-255-255-0-255-255-0-255-255-0-255-255-0-255-255-0-255-255-0-255-255-0-255-255-0-255-255-0-255-255-0-255-255-0-255-255-0-255-255-0-255-255-0-255-255-0-255-255-0-255-255-0-255-255-0-255-255-0-255-0-0-0-0-0-0-0-0-0-0-0-0-255-0-255-255-0-255-255-0-255-255-0-255-255-0-255-255-0-255-255-0-255-255-0-255-255-0-255-255-0-255-255-0-255-255-0-255-255-0-255-255-0-255-255-0-255-255-0-255-255-0-255-255-0-255-255-0-255-255-0-255-255-0-255-255-0-255-255-0-255-255-0-255-255-0-255-255-0-255-255-0-255-255-0-255-255-0-255-255-0-255-255-0-255-255-0-255-255-0-255-255-0-255-255-0-255-255-0-255-255-0-255-255-0-255-255-0-255-255-0-255-255-0-255-255-0-255-255-0-255-255-0-255-255-0-255-255-0-255-255-0-255-255-0-255-255-0-255-255-0-255-255-0-255-255-0-255-255-0-255-255-0-255-255-0-255-255-0-255-255-0-255-255-0-255-255-0-255-255-0-255-0-0-0-0-0-0-0-0-0-0-0-0-255-0-255-255-0-255-255-0-255-255-0-255-255-0-255-255-0-255-255-0-255-255-0-255-255-0-255-255-0-255-255-0-255-255-0-255-255-0-255-255-0-255-255-0-255-255-0-255-255-0-255-255-0-255-255-0-255-255-0-255-255-0-255-255-0-255-255-0-255-255-0-255-255-0-255-255-0-255-255-0-255-255-0-255-255-0-255-255-0-255-255-0-255-255-0-255-255-0-255-255-0-255-255-0-255-255-0-255-255-0-255-255-0-255-255-0-255-255-0-255-255-0-255-255-0-255-255-0-255-255-0-255-255-0-255-255-0-255-255-0-255-255-0-255-255-0-255-255-0-255-255-0-255-255-0-255-255-0-255-255-0-255-255-0-255-255-0-255-255-0-255-255-0-255-255-0-255-255-0-255-0-0-0-0-0-0-0-0-0-0-0-0-255-0-255-255-0-255-255-0-255-255-0-255-255-0-255-255-0-255-255-0-255-255-0-255-255-0-255-255-0-255-255-0-255-255-0-255-255-0-255-255-0-255-255-0-255-255-0-255-255-0-255-255-0-255-255-0-255-255-0-255-255-0-255-255-0-255-255-0-255-255-0-255-255-0-255-255-0-255-255-0-255-255-0-255-255-0-255-255-0-255-255-0-255-255-0-255-255-0-255-255-0-255-255-0-255-255-0-255-255-0-255-255-0-255-255-0-255-255-0-255-255-0-255-255-0-255-255-0-255-255-0-255-255-0-255-255-0-255-255-0-255-255-0-255-255-0-255-255-0-255-255-0-255-255-0-255-255-0-255-255-0-255-255-0-255-255-0-255-255-0-255-255-0-255-255-0-255-255-0-255-0-0-0-0-0-0-0-0-0-0-0-0-255-0-255-255-0-255-255-0-255-255-0-255-255-0-255-255-0-255-255-0-255-255-0-255-255-0-255-255-0-255-255-0-255-255-0-255-255-0-255-255-0-255-255-0-255-255-0-255-255-0-255-255-0-255-255-0-255-255-0-255-255-0-255-255-0-255-255-0-255-255-0-255-255-0-255-255-0-255-255-0-255-255-0-255-255-0-255-255-0-255-255-0-255-255-0-255-255-0-255-255-0-255-255-0-255-255-0-255-255-0-255-255-0-255-255-0-255-255-0-255-255-0-255-255-0-255-255-0-255-255-0-255-255-0-255-255-0-255-255-0-255-255-0-255-255-0-255-255-0-255-255-0-255-255-0-255-255-0-255-255-0-255-255-0-255-255-0-255-255-0-255-255-0-255-255-0-255-255-0-255-0-0-0-0-0-0-0-0-0-0-0-0-0-0-0-0-0-0-0-0-0-0-0-0-0-0-0-0-0-0-0-0-0-0-0-0-0-0-0-0-0-0-0-0-0-0-0-0-0-0-0-0-0-0-0-0-0-0-0-0-0-0-0-0-0-0-0-0-0-0-0-0-0-0-0-0-0-0-0-0-0-0-0-0-0-0-0-0-0-0-0-0-0-0-0-0-0-0-0-0-0-0-0-0-0-0-0-0-0-0-0-0-0-0-0-0-0-0-0-0-0-0-0-0-0-0-0-0-0-0-0-0-0-0-0-0-0-0-0-0-0-0-0-0-0-0-0-0-0-0-0-0-0-0-0-0-0-0-0-0-0-0-0-0-0-0-0-0-0-0-0-0-0-0-0-0-0-0-0-0-0-0-0-0-0-0-0-0-0-0-0-0-0-0-0-0-0-0-0-0-0-0-0-0-0-0-0-0-0-0-0-0-0-0-0-0-0-0-0-0-0-0-0-0-0-0-0-0-0-0-0-0-0-0-0-0-0-0-0-0-0-0-0-0-0-0-0-0-0-0-0-0-0-0-0-0-0-0-0-0-0-0-0-0-0-0-0-0-0-0-0-0-0-0-0-0-0-0-0-0-0-0-0-0-0-0-0-0-0-0-0-0-0-0-0-0-0-0-0-0-0-0-0-0-0-0-0-0-0-0-0-0-0-0-0-0-0-0-0-0-0-0-0-0-0-0-0-0-0-0-0-0-0-0-0-0-0-0-0-0-0-0-0-0-0-0-0-0-0-0-0-0-0-0-0-0-0-0-0-0-0-0-0-0-0-0-0-0-0-0-0-0-0-0-0-0-0-0-0-0-0-0-0-0-0-0-0-0-0-0');
INSERT INTO `user_paints` (`paint_id`, `user_id`, `paint_name`, `paint_colors`) VALUES
(3, 1, 'wall', '0-0-0-0-0-0-0-0-0-0-0-0-0-0-0-0-0-0-0-0-0-0-0-0-0-0-0-0-0-0-0-0-0-0-0-0-0-0-0-0-0-0-0-0-0-0-0-0-0-0-0-0-0-0-0-0-0-0-0-0-0-0-0-0-0-0-0-0-0-0-0-0-0-0-0-0-0-0-0-0-0-0-0-0-0-0-0-0-0-0-0-0-0-0-0-0-0-0-0-0-0-0-0-0-0-0-0-0-0-0-0-0-0-0-0-0-0-0-0-0-0-0-0-0-0-0-0-0-0-0-0-0-0-0-0-0-0-0-0-0-0-0-0-0-0-0-0-0-0-0-0-0-0-0-0-0-0-0-0-0-0-0-0-0-0-0-0-0-0-0-0-0-0-0-0-0-0-0-0-0-0-0-0-0-0-0-0-0-0-0-0-0-0-0-0-0-0-0-0-0-0-0-0-0-0-0-0-0-0-0-0-0-0-0-0-0-0-0-0-0-0-0-0-0-0-0-0-0-0-0-0-0-0-0-0-0-0-0-0-0-0-0-0-0-0-0-0-0-0-0-0-0-0-0-0-0-0-0-0-0-0-0-0-0-0-0-0-0-0-0-0-0-0-0-0-0-0-0-0-0-0-0-0-0-0-0-0-0-0-0-0-0-0-0-0-0-0-0-0-0-0-0-0-0-0-0-0-0-0-0-0-0-0-0-0-0-0-0-0-0-0-0-0-0-0-0-0-0-0-0-0-0-0-0-0-0-0-0-0-0-0-0-0-0-0-0-0-0-0-0-0-0-0-0-0-0-0-0-0-0-0-0-0-0-0-0-0-0-0-0-0-0-0-0-0-0-0-0-0-0-0-0-0-0-0-0-0-0-0-0-24-227-227-24-227-227-24-227-227-24-227-227-24-227-227-24-227-227-24-227-227-24-227-227-24-227-227-24-227-227-24-227-227-24-227-227-24-227-227-24-227-227-24-227-227-24-227-227-24-227-227-24-227-227-24-227-227-24-227-227-24-227-227-24-227-227-24-227-227-24-227-227-24-227-227-24-227-227-24-227-227-24-227-227-24-227-227-24-227-227-24-227-227-24-227-227-24-227-227-24-227-227-24-227-227-24-227-227-24-227-227-24-227-227-24-227-227-24-227-227-24-227-227-24-227-227-24-227-227-24-227-227-24-227-227-24-227-227-24-227-227-24-227-227-24-227-227-24-227-227-24-227-227-24-227-227-24-227-227-24-227-227-24-227-227-24-227-227-24-227-227-24-227-227-24-227-227-24-227-227-0-0-0-0-0-0-0-0-0-0-0-0-24-227-227-24-227-227-24-227-227-24-227-227-24-227-227-24-227-227-24-227-227-24-227-227-24-227-227-24-227-227-24-227-227-24-227-227-24-227-227-24-227-227-24-227-227-24-227-227-24-227-227-24-227-227-24-227-227-24-227-227-24-227-227-24-227-227-24-227-227-24-227-227-24-227-227-24-227-227-24-227-227-24-227-227-24-227-227-24-227-227-24-227-227-24-227-227-24-227-227-24-227-227-24-227-227-24-227-227-24-227-227-24-227-227-24-227-227-24-227-227-24-227-227-24-227-227-24-227-227-24-227-227-24-227-227-24-227-227-24-227-227-24-227-227-24-227-227-24-227-227-24-227-227-24-227-227-24-227-227-24-227-227-24-227-227-24-227-227-24-227-227-24-227-227-24-227-227-24-227-227-0-0-0-0-0-0-0-0-0-0-0-0-24-227-227-24-227-227-207-226-243-207-226-243-207-226-243-207-226-243-207-226-243-207-226-243-207-226-243-207-226-243-207-226-243-207-226-243-207-226-243-207-226-243-207-226-243-207-226-243-207-226-243-207-226-243-207-226-243-207-226-243-207-226-243-207-226-243-207-226-243-207-226-243-207-226-243-207-226-243-207-226-243-207-226-243-207-226-243-207-226-243-207-226-243-207-226-243-207-226-243-207-226-243-207-226-243-207-226-243-207-226-243-207-226-243-207-226-243-207-226-243-207-226-243-207-226-243-207-226-243-207-226-243-207-226-243-207-226-243-207-226-243-207-226-243-207-226-243-207-226-243-207-226-243-207-226-243-207-226-243-207-226-243-207-226-243-207-226-243-207-226-243-207-226-243-24-227-227-24-227-227-0-0-0-0-0-0-0-0-0-0-0-0-24-227-227-24-227-227-207-226-243-207-226-243-207-226-243-207-226-243-207-226-243-207-226-243-207-226-243-207-226-243-207-226-243-207-226-243-207-226-243-207-226-243-207-226-243-207-226-243-207-226-243-207-226-243-207-226-243-207-226-243-207-226-243-207-226-243-207-226-243-207-226-243-207-226-243-207-226-243-207-226-243-207-226-243-207-226-243-207-226-243-207-226-243-207-226-243-207-226-243-207-226-243-207-226-243-207-226-243-207-226-243-207-226-243-207-226-243-207-226-243-207-226-243-207-226-243-207-226-243-207-226-243-207-226-243-207-226-243-207-226-243-207-226-243-207-226-243-207-226-243-207-226-243-207-226-243-207-226-243-207-226-243-207-226-243-207-226-243-207-226-243-207-226-243-24-227-227-24-227-227-0-0-0-0-0-0-0-0-0-0-0-0-24-227-227-24-227-227-207-226-243-207-226-243-207-226-243-207-226-243-207-226-243-207-226-243-207-226-243-207-226-243-207-226-243-207-226-243-207-226-243-207-226-243-207-226-243-207-226-243-207-226-243-207-226-243-207-226-243-207-226-243-207-226-243-207-226-243-207-226-243-207-226-243-207-226-243-207-226-243-207-226-243-207-226-243-207-226-243-207-226-243-207-226-243-207-226-243-207-226-243-207-226-243-207-226-243-207-226-243-207-226-243-207-226-243-207-226-243-207-226-243-207-226-243-207-226-243-207-226-243-207-226-243-207-226-243-207-226-243-207-226-243-207-226-243-207-226-243-207-226-243-207-226-243-207-226-243-207-226-243-207-226-243-207-226-243-207-226-243-207-226-243-207-226-243-24-227-227-24-227-227-0-0-0-0-0-0-0-0-0-0-0-0-24-227-227-24-227-227-207-226-243-207-226-243-207-226-243-207-226-243-207-226-243-207-226-243-207-226-243-207-226-243-207-226-243-207-226-243-207-226-243-207-226-243-207-226-243-207-226-243-207-226-243-207-226-243-207-226-243-207-226-243-207-226-243-207-226-243-207-226-243-207-226-243-207-226-243-207-226-243-207-226-243-207-226-243-207-226-243-207-226-243-207-226-243-207-226-243-207-226-243-207-226-243-207-226-243-207-226-243-207-226-243-207-226-243-207-226-243-207-226-243-207-226-243-207-226-243-207-226-243-207-226-243-207-226-243-207-226-243-207-226-243-207-226-243-207-226-243-207-226-243-207-226-243-207-226-243-207-226-243-207-226-243-207-226-243-207-226-243-207-226-243-207-226-243-24-227-227-24-227-227-0-0-0-0-0-0-0-0-0-0-0-0-24-227-227-24-227-227-207-226-243-207-226-243-207-226-243-207-226-243-207-226-243-207-226-243-207-226-243-207-226-243-207-226-243-207-226-243-207-226-243-207-226-243-207-226-243-207-226-243-207-226-243-207-226-243-207-226-243-207-226-243-207-226-243-207-226-243-207-226-243-207-226-243-207-226-243-207-226-243-207-226-243-207-226-243-207-226-243-207-226-243-207-226-243-207-226-243-207-226-243-207-226-243-207-226-243-207-226-243-207-226-243-207-226-243-207-226-243-207-226-243-207-226-243-207-226-243-207-226-243-207-226-243-207-226-243-207-226-243-207-226-243-207-226-243-207-226-243-207-226-243-207-226-243-207-226-243-207-226-243-207-226-243-207-226-243-207-226-243-207-226-243-207-226-243-24-227-227-24-227-227-0-0-0-0-0-0-0-0-0-0-0-0-24-227-227-24-227-227-207-226-243-207-226-243-207-226-243-207-226-243-207-226-243-207-226-243-207-226-243-207-226-243-207-226-243-207-226-243-207-226-243-207-226-243-207-226-243-207-226-243-207-226-243-207-226-243-207-226-243-207-226-243-207-226-243-207-226-243-207-226-243-207-226-243-207-226-243-207-226-243-207-226-243-207-226-243-207-226-243-207-226-243-207-226-243-207-226-243-207-226-243-207-226-243-207-226-243-207-226-243-207-226-243-207-226-243-207-226-243-207-226-243-207-226-243-207-226-243-207-226-243-207-226-243-207-226-243-207-226-243-207-226-243-207-226-243-207-226-243-207-226-243-207-226-243-207-226-243-207-226-243-207-226-243-207-226-243-207-226-243-207-226-243-207-226-243-24-227-227-24-227-227-0-0-0-0-0-0-0-0-0-0-0-0-24-227-227-24-227-227-207-226-243-207-226-243-207-226-243-207-226-243-207-226-243-207-226-243-207-226-243-207-226-243-207-226-243-207-226-243-207-226-243-207-226-243-207-226-243-207-226-243-207-226-243-207-226-243-207-226-243-207-226-243-207-226-243-207-226-243-207-226-243-207-226-243-207-226-243-207-226-243-207-226-243-207-226-243-207-226-243-207-226-243-207-226-243-207-226-243-207-226-243-207-226-243-207-226-243-207-226-243-207-226-243-207-226-243-207-226-243-207-226-243-207-226-243-207-226-243-207-226-243-207-226-243-207-226-243-207-226-243-207-226-243-207-226-243-207-226-243-207-226-243-207-226-243-207-226-243-207-226-243-207-226-243-207-226-243-207-226-243-207-226-243-207-226-243-24-227-227-24-227-227-0-0-0-0-0-0-0-0-0-0-0-0-24-227-227-24-227-227-207-226-243-207-226-243-207-226-243-207-226-243-207-226-243-207-226-243-207-226-243-207-226-243-207-226-243-207-226-243-207-226-243-207-226-243-207-226-243-207-226-243-207-226-243-207-226-243-207-226-243-207-226-243-207-226-243-207-226-243-207-226-243-207-226-243-207-226-243-207-226-243-207-226-243-207-226-243-207-226-243-207-226-243-207-226-243-207-226-243-207-226-243-207-226-243-207-226-243-207-226-243-207-226-243-207-226-243-207-226-243-207-226-243-207-226-243-207-226-243-207-226-243-207-226-243-207-226-243-207-226-243-207-226-243-207-226-243-207-226-243-207-226-243-207-226-243-207-226-243-207-226-243-207-226-243-207-226-243-207-226-243-207-226-243-207-226-243-24-227-227-24-227-227-0-0-0-0-0-0-0-0-0-0-0-0-24-227-227-24-227-227-207-226-243-207-226-243-207-226-243-207-226-243-207-226-243-207-226-243-207-226-243-207-226-243-207-226-243-207-226-243-207-226-243-207-226-243-207-226-243-207-226-243-207-226-243-207-226-243-207-226-243-207-226-243-207-226-243-207-226-243-207-226-243-207-226-243-207-226-243-207-226-243-207-226-243-207-226-243-207-226-243-207-226-243-207-226-243-207-226-243-207-226-243-207-226-243-207-226-243-207-226-243-207-226-243-207-226-243-207-226-243-207-226-243-207-226-243-207-226-243-207-226-243-207-226-243-207-226-243-207-226-243-207-226-243-207-226-243-207-226-243-207-226-243-207-226-243-207-226-243-207-226-243-207-226-243-207-226-243-207-226-243-207-226-243-207-226-243-24-227-227-24-227-227-0-0-0-0-0-0-0-0-0-0-0-0-24-227-227-24-227-227-207-226-243-207-226-243-207-226-243-207-226-243-207-226-243-207-226-243-207-226-243-207-226-243-207-226-243-207-226-243-207-226-243-207-226-243-207-226-243-207-226-243-207-226-243-207-226-243-207-226-243-207-226-243-207-226-243-207-226-243-207-226-243-207-226-243-207-226-243-207-226-243-207-226-243-207-226-243-207-226-243-207-226-243-207-226-243-207-226-243-207-226-243-207-226-243-207-226-243-207-226-243-207-226-243-207-226-243-207-226-243-207-226-243-207-226-243-207-226-243-207-226-243-207-226-243-207-226-243-207-226-243-207-226-243-207-226-243-207-226-243-207-226-243-207-226-243-207-226-243-207-226-243-207-226-243-207-226-243-207-226-243-207-226-243-207-226-243-24-227-227-24-227-227-0-0-0-0-0-0-0-0-0-0-0-0-24-227-227-24-227-227-207-226-243-207-226-243-207-226-243-207-226-243-207-226-243-207-226-243-207-226-243-207-226-243-207-226-243-207-226-243-207-226-243-207-226-243-207-226-243-207-226-243-207-226-243-207-226-243-207-226-243-207-226-243-207-226-243-207-226-243-207-226-243-207-226-243-207-226-243-207-226-243-207-226-243-207-226-243-207-226-243-207-226-243-207-226-243-207-226-243-207-226-243-207-226-243-207-226-243-207-226-243-207-226-243-207-226-243-207-226-243-207-226-243-207-226-243-207-226-243-207-226-243-207-226-243-207-226-243-207-226-243-207-226-243-207-226-243-207-226-243-207-226-243-207-226-243-207-226-243-207-226-243-207-226-243-207-226-243-207-226-243-207-226-243-207-226-243-24-227-227-24-227-227-0-0-0-0-0-0-0-0-0-0-0-0-24-227-227-24-227-227-207-226-243-207-226-243-207-226-243-207-226-243-207-226-243-207-226-243-207-226-243-207-226-243-207-226-243-207-226-243-207-226-243-207-226-243-207-226-243-207-226-243-207-226-243-207-226-243-207-226-243-207-226-243-207-226-243-207-226-243-207-226-243-207-226-243-207-226-243-207-226-243-207-226-243-207-226-243-207-226-243-207-226-243-207-226-243-207-226-243-207-226-243-207-226-243-207-226-243-207-226-243-207-226-243-207-226-243-207-226-243-207-226-243-207-226-243-207-226-243-207-226-243-207-226-243-207-226-243-207-226-243-207-226-243-207-226-243-207-226-243-207-226-243-207-226-243-207-226-243-207-226-243-207-226-243-207-226-243-207-226-243-207-226-243-207-226-243-24-227-227-24-227-227-0-0-0-0-0-0-0-0-0-0-0-0-24-227-227-24-227-227-207-226-243-207-226-243-207-226-243-207-226-243-207-226-243-207-226-243-207-226-243-207-226-243-207-226-243-207-226-243-207-226-243-207-226-243-207-226-243-207-226-243-207-226-243-207-226-243-207-226-243-207-226-243-207-226-243-207-226-243-207-226-243-207-226-243-207-226-243-207-226-243-207-226-243-207-226-243-207-226-243-207-226-243-207-226-243-207-226-243-207-226-243-207-226-243-207-226-243-207-226-243-207-226-243-207-226-243-207-226-243-207-226-243-207-226-243-207-226-243-207-226-243-207-226-243-207-226-243-207-226-243-207-226-243-207-226-243-207-226-243-207-226-243-207-226-243-207-226-243-207-226-243-207-226-243-207-226-243-207-226-243-207-226-243-207-226-243-24-227-227-24-227-227-0-0-0-0-0-0-0-0-0-0-0-0-24-227-227-24-227-227-207-226-243-207-226-243-207-226-243-207-226-243-207-226-243-207-226-243-207-226-243-207-226-243-207-226-243-207-226-243-207-226-243-207-226-243-207-226-243-207-226-243-207-226-243-207-226-243-207-226-243-207-226-243-207-226-243-207-226-243-207-226-243-207-226-243-207-226-243-207-226-243-207-226-243-207-226-243-207-226-243-207-226-243-207-226-243-207-226-243-207-226-243-207-226-243-207-226-243-207-226-243-207-226-243-207-226-243-207-226-243-207-226-243-207-226-243-207-226-243-207-226-243-207-226-243-207-226-243-207-226-243-207-226-243-207-226-243-207-226-243-207-226-243-207-226-243-207-226-243-207-226-243-207-226-243-207-226-243-207-226-243-207-226-243-207-226-243-24-227-227-24-227-227-0-0-0-0-0-0-0-0-0-0-0-0-24-227-227-24-227-227-207-226-243-207-226-243-207-226-243-207-226-243-207-226-243-207-226-243-207-226-243-207-226-243-207-226-243-207-226-243-207-226-243-207-226-243-207-226-243-207-226-243-207-226-243-207-226-243-207-226-243-207-226-243-207-226-243-207-226-243-207-226-243-207-226-243-207-226-243-207-226-243-207-226-243-207-226-243-207-226-243-207-226-243-207-226-243-207-226-243-207-226-243-207-226-243-207-226-243-207-226-243-207-226-243-207-226-243-207-226-243-207-226-243-207-226-243-207-226-243-207-226-243-207-226-243-207-226-243-207-226-243-207-226-243-207-226-243-207-226-243-207-226-243-207-226-243-207-226-243-207-226-243-207-226-243-207-226-243-207-226-243-207-226-243-207-226-243-24-227-227-24-227-227-0-0-0-0-0-0-0-0-0-0-0-0-24-227-227-24-227-227-207-226-243-207-226-243-207-226-243-207-226-243-207-226-243-207-226-243-207-226-243-207-226-243-207-226-243-207-226-243-207-226-243-207-226-243-207-226-243-207-226-243-207-226-243-207-226-243-207-226-243-207-226-243-207-226-243-207-226-243-207-226-243-207-226-243-207-226-243-207-226-243-207-226-243-207-226-243-207-226-243-207-226-243-207-226-243-207-226-243-207-226-243-207-226-243-207-226-243-207-226-243-207-226-243-207-226-243-207-226-243-207-226-243-207-226-243-207-226-243-207-226-243-207-226-243-207-226-243-207-226-243-207-226-243-207-226-243-207-226-243-207-226-243-207-226-243-207-226-243-207-226-243-207-226-243-207-226-243-207-226-243-207-226-243-207-226-243-24-227-227-24-227-227-0-0-0-0-0-0-0-0-0-0-0-0-24-227-227-24-227-227-207-226-243-207-226-243-207-226-243-207-226-243-207-226-243-207-226-243-207-226-243-207-226-243-207-226-243-207-226-243-207-226-243-207-226-243-207-226-243-207-226-243-207-226-243-207-226-243-207-226-243-207-226-243-207-226-243-207-226-243-207-226-243-207-226-243-207-226-243-207-226-243-207-226-243-207-226-243-207-226-243-207-226-243-207-226-243-207-226-243-207-226-243-207-226-243-207-226-243-207-226-243-207-226-243-207-226-243-207-226-243-207-226-243-207-226-243-207-226-243-207-226-243-207-226-243-207-226-243-207-226-243-207-226-243-207-226-243-207-226-243-207-226-243-207-226-243-207-226-243-207-226-243-207-226-243-207-226-243-207-226-243-207-226-243-207-226-243-24-227-227-24-227-227-0-0-0-0-0-0-0-0-0-0-0-0-24-227-227-24-227-227-207-226-243-207-226-243-207-226-243-207-226-243-207-226-243-207-226-243-207-226-243-207-226-243-207-226-243-207-226-243-207-226-243-207-226-243-207-226-243-207-226-243-207-226-243-207-226-243-207-226-243-207-226-243-207-226-243-207-226-243-207-226-243-207-226-243-207-226-243-207-226-243-207-226-243-207-226-243-207-226-243-207-226-243-207-226-243-207-226-243-207-226-243-207-226-243-207-226-243-207-226-243-207-226-243-207-226-243-207-226-243-207-226-243-207-226-243-207-226-243-207-226-243-207-226-243-207-226-243-207-226-243-207-226-243-207-226-243-207-226-243-207-226-243-207-226-243-207-226-243-207-226-243-207-226-243-207-226-243-207-226-243-207-226-243-207-226-243-24-227-227-24-227-227-0-0-0-0-0-0-0-0-0-0-0-0-24-227-227-24-227-227-207-226-243-207-226-243-207-226-243-207-226-243-207-226-243-207-226-243-207-226-243-207-226-243-207-226-243-207-226-243-207-226-243-207-226-243-207-226-243-207-226-243-207-226-243-207-226-243-207-226-243-207-226-243-207-226-243-207-226-243-207-226-243-207-226-243-207-226-243-207-226-243-207-226-243-207-226-243-207-226-243-207-226-243-207-226-243-207-226-243-207-226-243-207-226-243-207-226-243-207-226-243-207-226-243-207-226-243-207-226-243-207-226-243-207-226-243-207-226-243-207-226-243-207-226-243-207-226-243-207-226-243-207-226-243-207-226-243-207-226-243-207-226-243-207-226-243-207-226-243-207-226-243-207-226-243-207-226-243-207-226-243-207-226-243-207-226-243-24-227-227-24-227-227-0-0-0-0-0-0-0-0-0-0-0-0-24-227-227-24-227-227-207-226-243-207-226-243-207-226-243-207-226-243-207-226-243-207-226-243-207-226-243-207-226-243-207-226-243-207-226-243-207-226-243-207-226-243-207-226-243-207-226-243-207-226-243-207-226-243-207-226-243-207-226-243-207-226-243-207-226-243-207-226-243-207-226-243-207-226-243-207-226-243-207-226-243-207-226-243-207-226-243-207-226-243-207-226-243-207-226-243-207-226-243-207-226-243-207-226-243-207-226-243-207-226-243-207-226-243-207-226-243-207-226-243-207-226-243-207-226-243-207-226-243-207-226-243-207-226-243-207-226-243-207-226-243-207-226-243-207-226-243-207-226-243-207-226-243-207-226-243-207-226-243-207-226-243-207-226-243-207-226-243-207-226-243-207-226-243-24-227-227-24-227-227-0-0-0-0-0-0-0-0-0-0-0-0-24-227-227-24-227-227-207-226-243-207-226-243-207-226-243-207-226-243-207-226-243-207-226-243-207-226-243-207-226-243-207-226-243-207-226-243-207-226-243-207-226-243-207-226-243-207-226-243-207-226-243-207-226-243-207-226-243-207-226-243-207-226-243-207-226-243-204-0-0-204-0-0-204-0-0-204-0-0-204-0-0-204-0-0-204-0-0-204-0-0-204-0-0-204-0-0-204-0-0-204-0-0-204-0-0-204-0-0-204-0-0-204-0-0-207-226-243-207-226-243-207-226-243-207-226-243-207-226-243-207-226-243-207-226-243-207-226-243-207-226-243-207-226-243-207-226-243-207-226-243-207-226-243-207-226-243-207-226-243-207-226-243-207-226-243-207-226-243-207-226-243-207-226-243-24-227-227-24-227-227-0-0-0-0-0-0-0-0-0-0-0-0-24-227-227-24-227-227-207-226-243-207-226-243-207-226-243-207-226-243-207-226-243-207-226-243-207-226-243-207-226-243-207-226-243-207-226-243-207-226-243-207-226-243-207-226-243-207-226-243-207-226-243-207-226-243-207-226-243-207-226-243-207-226-243-207-226-243-204-0-0-204-0-0-204-0-0-204-0-0-204-0-0-204-0-0-204-0-0-204-0-0-204-0-0-204-0-0-204-0-0-204-0-0-204-0-0-204-0-0-204-0-0-204-0-0-207-226-243-207-226-243-207-226-243-207-226-243-207-226-243-207-226-243-207-226-243-207-226-243-207-226-243-207-226-243-207-226-243-207-226-243-207-226-243-207-226-243-207-226-243-207-226-243-207-226-243-207-226-243-207-226-243-207-226-243-24-227-227-24-227-227-0-0-0-0-0-0-0-0-0-0-0-0-24-227-227-24-227-227-207-226-243-207-226-243-207-226-243-207-226-243-207-226-243-207-226-243-207-226-243-207-226-243-207-226-243-207-226-243-207-226-243-207-226-243-207-226-243-207-226-243-207-226-243-207-226-243-207-226-243-207-226-243-207-226-243-207-226-243-204-0-0-204-0-0-204-0-0-204-0-0-204-0-0-204-0-0-204-0-0-204-0-0-204-0-0-204-0-0-204-0-0-204-0-0-204-0-0-204-0-0-204-0-0-204-0-0-207-226-243-207-226-243-207-226-243-207-226-243-207-226-243-207-226-243-207-226-243-207-226-243-207-226-243-207-226-243-207-226-243-207-226-243-207-226-243-207-226-243-207-226-243-207-226-243-207-226-243-207-226-243-207-226-243-207-226-243-24-227-227-24-227-227-0-0-0-0-0-0-0-0-0-0-0-0-24-227-227-24-227-227-207-226-243-207-226-243-207-226-243-207-226-243-207-226-243-207-226-243-207-226-243-207-226-243-207-226-243-207-226-243-207-226-243-207-226-243-207-226-243-207-226-243-207-226-243-207-226-243-207-226-243-207-226-243-207-226-243-207-226-243-204-0-0-204-0-0-204-0-0-204-0-0-204-0-0-204-0-0-204-0-0-204-0-0-204-0-0-204-0-0-204-0-0-204-0-0-204-0-0-204-0-0-204-0-0-204-0-0-207-226-243-207-226-243-207-226-243-207-226-243-207-226-243-207-226-243-207-226-243-207-226-243-207-226-243-207-226-243-207-226-243-207-226-243-207-226-243-207-226-243-207-226-243-207-226-243-207-226-243-207-226-243-207-226-243-207-226-243-24-227-227-24-227-227-0-0-0-0-0-0-0-0-0-0-0-0-24-227-227-24-227-227-207-226-243-207-226-243-207-226-243-207-226-243-207-226-243-207-226-243-207-226-243-207-226-243-207-226-243-207-226-243-207-226-243-207-226-243-207-226-243-207-226-243-207-226-243-207-226-243-207-226-243-207-226-243-207-226-243-207-226-243-204-0-0-204-0-0-204-0-0-204-0-0-204-0-0-204-0-0-204-0-0-204-0-0-204-0-0-204-0-0-204-0-0-204-0-0-204-0-0-204-0-0-204-0-0-204-0-0-207-226-243-207-226-243-207-226-243-207-226-243-207-226-243-207-226-243-207-226-243-207-226-243-207-226-243-207-226-243-207-226-243-207-226-243-207-226-243-207-226-243-207-226-243-207-226-243-207-226-243-207-226-243-207-226-243-207-226-243-24-227-227-24-227-227-0-0-0-0-0-0-0-0-0-0-0-0-24-227-227-24-227-227-207-226-243-207-226-243-207-226-243-207-226-243-207-226-243-207-226-243-207-226-243-207-226-243-207-226-243-207-226-243-207-226-243-207-226-243-207-226-243-207-226-243-207-226-243-207-226-243-207-226-243-207-226-243-207-226-243-207-226-243-204-0-0-204-0-0-204-0-0-204-0-0-204-0-0-204-0-0-204-0-0-204-0-0-204-0-0-204-0-0-204-0-0-204-0-0-204-0-0-204-0-0-204-0-0-204-0-0-207-226-243-207-226-243-207-226-243-207-226-243-207-226-243-207-226-243-207-226-243-207-226-243-207-226-243-207-226-243-207-226-243-207-226-243-207-226-243-207-226-243-207-226-243-207-226-243-207-226-243-207-226-243-207-226-243-207-226-243-24-227-227-24-227-227-0-0-0-0-0-0-0-0-0-0-0-0-24-227-227-24-227-227-207-226-243-207-226-243-207-226-243-207-226-243-207-226-243-207-226-243-207-226-243-207-226-243-207-226-243-207-226-243-207-226-243-207-226-243-207-226-243-207-226-243-207-226-243-207-226-243-207-226-243-207-226-243-207-226-243-207-226-243-204-0-0-204-0-0-204-0-0-204-0-0-204-0-0-204-0-0-204-0-0-204-0-0-204-0-0-204-0-0-204-0-0-204-0-0-204-0-0-204-0-0-204-0-0-204-0-0-207-226-243-207-226-243-207-226-243-207-226-243-207-226-243-207-226-243-207-226-243-207-226-243-207-226-243-207-226-243-207-226-243-207-226-243-207-226-243-207-226-243-207-226-243-207-226-243-207-226-243-207-226-243-207-226-243-207-226-243-24-227-227-24-227-227-0-0-0-0-0-0-0-0-0-0-0-0-24-227-227-24-227-227-207-226-243-207-226-243-207-226-243-207-226-243-207-226-243-207-226-243-207-226-243-207-226-243-207-226-243-207-226-243-207-226-243-207-226-243-207-226-243-207-226-243-207-226-243-207-226-243-207-226-243-207-226-243-207-226-243-207-226-243-204-0-0-204-0-0-204-0-0-204-0-0-204-0-0-204-0-0-204-0-0-204-0-0-204-0-0-204-0-0-204-0-0-204-0-0-204-0-0-204-0-0-204-0-0-204-0-0-207-226-243-207-226-243-207-226-243-207-226-243-207-226-243-207-226-243-207-226-243-207-226-243-207-226-243-207-226-243-207-226-243-207-226-243-207-226-243-207-226-243-207-226-243-207-226-243-207-226-243-207-226-243-207-226-243-207-226-243-24-227-227-24-227-227-0-0-0-0-0-0-0-0-0-0-0-0-24-227-227-24-227-227-207-226-243-207-226-243-207-226-243-207-226-243-207-226-243-207-226-243-207-226-243-207-226-243-207-226-243-207-226-243-207-226-243-207-226-243-207-226-243-207-226-243-207-226-243-207-226-243-207-226-243-207-226-243-207-226-243-207-226-243-204-0-0-204-0-0-204-0-0-204-0-0-204-0-0-204-0-0-204-0-0-204-0-0-204-0-0-204-0-0-204-0-0-204-0-0-204-0-0-204-0-0-204-0-0-204-0-0-207-226-243-207-226-243-207-226-243-207-226-243-207-226-243-207-226-243-207-226-243-207-226-243-207-226-243-207-226-243-207-226-243-207-226-243-207-226-243-207-226-243-207-226-243-207-226-243-207-226-243-207-226-243-207-226-243-207-226-243-24-227-227-24-227-227-0-0-0-0-0-0-0-0-0-0-0-0-24-227-227-24-227-227-207-226-243-207-226-243-207-226-243-207-226-243-207-226-243-207-226-243-207-226-243-207-226-243-207-226-243-207-226-243-207-226-243-207-226-243-207-226-243-207-226-243-207-226-243-207-226-243-207-226-243-207-226-243-207-226-243-207-226-243-204-0-0-204-0-0-204-0-0-204-0-0-204-0-0-204-0-0-204-0-0-204-0-0-204-0-0-204-0-0-204-0-0-204-0-0-204-0-0-204-0-0-204-0-0-204-0-0-207-226-243-207-226-243-207-226-243-207-226-243-207-226-243-207-226-243-207-226-243-207-226-243-207-226-243-207-226-243-207-226-243-207-226-243-207-226-243-207-226-243-207-226-243-207-226-243-207-226-243-207-226-243-207-226-243-207-226-243-24-227-227-24-227-227-0-0-0-0-0-0-0-0-0-0-0-0-24-227-227-24-227-227-207-226-243-207-226-243-207-226-243-207-226-243-207-226-243-207-226-243-207-226-243-207-226-243-207-226-243-207-226-243-207-226-243-207-226-243-207-226-243-207-226-243-207-226-243-207-226-243-207-226-243-207-226-243-207-226-243-207-226-243-204-0-0-204-0-0-204-0-0-204-0-0-204-0-0-204-0-0-204-0-0-204-0-0-204-0-0-204-0-0-204-0-0-204-0-0-204-0-0-204-0-0-204-0-0-204-0-0-207-226-243-207-226-243-207-226-243-207-226-243-207-226-243-207-226-243-207-226-243-207-226-243-207-226-243-207-226-243-207-226-243-207-226-243-207-226-243-207-226-243-207-226-243-207-226-243-207-226-243-207-226-243-207-226-243-207-226-243-24-227-227-24-227-227-0-0-0-0-0-0-0-0-0-0-0-0-24-227-227-24-227-227-207-226-243-207-226-243-207-226-243-207-226-243-207-226-243-207-226-243-207-226-243-207-226-243-207-226-243-207-226-243-207-226-243-207-226-243-207-226-243-207-226-243-207-226-243-207-226-243-207-226-243-207-226-243-207-226-243-207-226-243-204-0-0-204-0-0-204-0-0-204-0-0-204-0-0-204-0-0-204-0-0-204-0-0-204-0-0-204-0-0-204-0-0-204-0-0-204-0-0-204-0-0-204-0-0-204-0-0-207-226-243-207-226-243-207-226-243-207-226-243-207-226-243-207-226-243-207-226-243-207-226-243-207-226-243-207-226-243-207-226-243-207-226-243-207-226-243-207-226-243-207-226-243-207-226-243-207-226-243-207-226-243-207-226-243-207-226-243-24-227-227-24-227-227-0-0-0-0-0-0-0-0-0-0-0-0-24-227-227-24-227-227-207-226-243-207-226-243-207-226-243-207-226-243-207-226-243-207-226-243-207-226-243-207-226-243-207-226-243-207-226-243-207-226-243-207-226-243-207-226-243-207-226-243-207-226-243-207-226-243-207-226-243-207-226-243-207-226-243-207-226-243-204-0-0-204-0-0-204-0-0-204-0-0-204-0-0-204-0-0-204-0-0-204-0-0-204-0-0-204-0-0-204-0-0-204-0-0-204-0-0-204-0-0-204-0-0-204-0-0-207-226-243-207-226-243-207-226-243-207-226-243-207-226-243-207-226-243-207-226-243-207-226-243-207-226-243-207-226-243-207-226-243-207-226-243-207-226-243-207-226-243-207-226-243-207-226-243-207-226-243-207-226-243-207-226-243-207-226-243-24-227-227-24-227-227-0-0-0-0-0-0-0-0-0-0-0-0-24-227-227-24-227-227-207-226-243-207-226-243-207-226-243-207-226-243-207-226-243-207-226-243-207-226-243-207-226-243-207-226-243-207-226-243-207-226-243-207-226-243-207-226-243-207-226-243-207-226-243-207-226-243-207-226-243-207-226-243-207-226-243-207-226-243-204-0-0-204-0-0-204-0-0-204-0-0-204-0-0-204-0-0-204-0-0-204-0-0-204-0-0-204-0-0-204-0-0-204-0-0-204-0-0-204-0-0-204-0-0-204-0-0-207-226-243-207-226-243-207-226-243-207-226-243-207-226-243-207-226-243-207-226-243-207-226-243-207-226-243-207-226-243-207-226-243-207-226-243-207-226-243-207-226-243-207-226-243-207-226-243-207-226-243-207-226-243-207-226-243-207-226-243-24-227-227-24-227-227-0-0-0-0-0-0-0-0-0-0-0-0-24-227-227-24-227-227-207-226-243-207-226-243-207-226-243-207-226-243-207-226-243-207-226-243-207-226-243-207-226-243-207-226-243-207-226-243-207-226-243-207-226-243-207-226-243-207-226-243-207-226-243-207-226-243-207-226-243-207-226-243-207-226-243-207-226-243-204-0-0-204-0-0-204-0-0-204-0-0-204-0-0-204-0-0-204-0-0-204-0-0-204-0-0-204-0-0-204-0-0-204-0-0-204-0-0-204-0-0-204-0-0-204-0-0-207-226-243-207-226-243-207-226-243-207-226-243-207-226-243-207-226-243-207-226-243-207-226-243-207-226-243-207-226-243-207-226-243-207-226-243-207-226-243-207-226-243-207-226-243-207-226-243-207-226-243-207-226-243-207-226-243-207-226-243-24-227-227-24-227-227-0-0-0-0-0-0-0-0-0-0-0-0-24-227-227-24-227-227-207-226-243-207-226-243-207-226-243-207-226-243-207-226-243-207-226-243-207-226-243-207-226-243-207-226-243-207-226-243-207-226-243-207-226-243-207-226-243-207-226-243-207-226-243-207-226-243-207-226-243-207-226-243-207-226-243-207-226-243-204-0-0-204-0-0-204-0-0-204-0-0-204-0-0-204-0-0-204-0-0-204-0-0-204-0-0-204-0-0-204-0-0-204-0-0-204-0-0-204-0-0-204-0-0-204-0-0-207-226-243-207-226-243-207-226-243-207-226-243-207-226-243-207-226-243-207-226-243-207-226-243-207-226-243-207-226-243-207-226-243-207-226-243-207-226-243-207-226-243-207-226-243-207-226-243-207-226-243-207-226-243-207-226-243-207-226-243-24-227-227-24-227-227-0-0-0-0-0-0-0-0-0-0-0-0-24-227-227-24-227-227-207-226-243-207-226-243-207-226-243-207-226-243-207-226-243-207-226-243-207-226-243-207-226-243-207-226-243-207-226-243-207-226-243-207-226-243-207-226-243-207-226-243-207-226-243-207-226-243-207-226-243-207-226-243-207-226-243-207-226-243-207-226-243-207-226-243-207-226-243-207-226-243-207-226-243-207-226-243-207-226-243-207-226-243-207-226-243-207-226-243-207-226-243-207-226-243-207-226-243-207-226-243-207-226-243-207-226-243-207-226-243-207-226-243-207-226-243-207-226-243-207-226-243-207-226-243-207-226-243-207-226-243-207-226-243-207-226-243-207-226-243-207-226-243-207-226-243-207-226-243-207-226-243-207-226-243-207-226-243-207-226-243-207-226-243-207-226-243-24-227-227-24-227-227-0-0-0-0-0-0-0-0-0-0-0-0-24-227-227-24-227-227-207-226-243-207-226-243-207-226-243-207-226-243-207-226-243-207-226-243-207-226-243-207-226-243-207-226-243-207-226-243-207-226-243-207-226-243-207-226-243-207-226-243-207-226-243-207-226-243-207-226-243-207-226-243-207-226-243-207-226-243-207-226-243-207-226-243-207-226-243-207-226-243-207-226-243-207-226-243-207-226-243-207-226-243-207-226-243-207-226-243-207-226-243-207-226-243-207-226-243-207-226-243-207-226-243-207-226-243-207-226-243-207-226-243-207-226-243-207-226-243-207-226-243-207-226-243-207-226-243-207-226-243-207-226-243-207-226-243-207-226-243-207-226-243-207-226-243-207-226-243-207-226-243-207-226-243-207-226-243-207-226-243-207-226-243-207-226-243-24-227-227-24-227-227-0-0-0-0-0-0-0-0-0-0-0-0-24-227-227-24-227-227-207-226-243-207-226-243-207-226-243-207-226-243-207-226-243-207-226-243-207-226-243-207-226-243-207-226-243-207-226-243-207-226-243-207-226-243-207-226-243-207-226-243-207-226-243-207-226-243-207-226-243-207-226-243-207-226-243-207-226-243-207-226-243-207-226-243-207-226-243-207-226-243-207-226-243-207-226-243-207-226-243-207-226-243-207-226-243-207-226-243-207-226-243-207-226-243-207-226-243-207-226-243-207-226-243-207-226-243-207-226-243-207-226-243-207-226-243-207-226-243-207-226-243-207-226-243-207-226-243-207-226-243-207-226-243-207-226-243-207-226-243-207-226-243-207-226-243-207-226-243-207-226-243-207-226-243-207-226-243-207-226-243-207-226-243-207-226-243-24-227-227-24-227-227-0-0-0-0-0-0-0-0-0-0-0-0-24-227-227-24-227-227-207-226-243-207-226-243-207-226-243-207-226-243-207-226-243-207-226-243-207-226-243-207-226-243-207-226-243-207-226-243-207-226-243-207-226-243-207-226-243-207-226-243-207-226-243-207-226-243-207-226-243-207-226-243-207-226-243-207-226-243-207-226-243-207-226-243-207-226-243-207-226-243-207-226-243-207-226-243-207-226-243-207-226-243-207-226-243-207-226-243-207-226-243-207-226-243-207-226-243-207-226-243-207-226-243-207-226-243-207-226-243-207-226-243-207-226-243-207-226-243-207-226-243-207-226-243-207-226-243-207-226-243-207-226-243-207-226-243-207-226-243-207-226-243-207-226-243-207-226-243-207-226-243-207-226-243-207-226-243-207-226-243-207-226-243-207-226-243-24-227-227-24-227-227-0-0-0-0-0-0-0-0-0-0-0-0-24-227-227-24-227-227-207-226-243-207-226-243-207-226-243-207-226-243-207-226-243-207-226-243-207-226-243-207-226-243-207-226-243-207-226-243-207-226-243-207-226-243-207-226-243-207-226-243-207-226-243-207-226-243-207-226-243-207-226-243-207-226-243-207-226-243-207-226-243-207-226-243-207-226-243-207-226-243-207-226-243-207-226-243-207-226-243-207-226-243-207-226-243-207-226-243-207-226-243-207-226-243-207-226-243-207-226-243-207-226-243-207-226-243-207-226-243-207-226-243-207-226-243-207-226-243-207-226-243-207-226-243-207-226-243-207-226-243-207-226-243-207-226-243-207-226-243-207-226-243-207-226-243-207-226-243-207-226-243-207-226-243-207-226-243-207-226-243-207-226-243-207-226-243-24-227-227-24-227-227-0-0-0-0-0-0-0-0-0-0-0-0-24-227-227-24-227-227-207-226-243-207-226-243-207-226-243-207-226-243-207-226-243-207-226-243-207-226-243-207-226-243-207-226-243-207-226-243-207-226-243-207-226-243-207-226-243-207-226-243-207-226-243-207-226-243-207-226-243-207-226-243-207-226-243-207-226-243-207-226-243-207-226-243-207-226-243-207-226-243-207-226-243-207-226-243-207-226-243-207-226-243-207-226-243-207-226-243-207-226-243-207-226-243-207-226-243-207-226-243-207-226-243-207-226-243-207-226-243-207-226-243-207-226-243-207-226-243-207-226-243-207-226-243-207-226-243-207-226-243-207-226-243-207-226-243-207-226-243-207-226-243-207-226-243-207-226-243-207-226-243-207-226-243-207-226-243-207-226-243-207-226-243-207-226-243-24-227-227-24-227-227-0-0-0-0-0-0-0-0-0-0-0-0-24-227-227-24-227-227-207-226-243-207-226-243-207-226-243-207-226-243-207-226-243-207-226-243-207-226-243-207-226-243-207-226-243-207-226-243-207-226-243-207-226-243-207-226-243-207-226-243-207-226-243-207-226-243-207-226-243-207-226-243-207-226-243-207-226-243-207-226-243-207-226-243-207-226-243-207-226-243-207-226-243-207-226-243-207-226-243-207-226-243-207-226-243-207-226-243-207-226-243-207-226-243-207-226-243-207-226-243-207-226-243-207-226-243-207-226-243-207-226-243-207-226-243-207-226-243-207-226-243-207-226-243-207-226-243-207-226-243-207-226-243-207-226-243-207-226-243-207-226-243-207-226-243-207-226-243-207-226-243-207-226-243-207-226-243-207-226-243-207-226-243-207-226-243-24-227-227-24-227-227-0-0-0-0-0-0-0-0-0-0-0-0-24-227-227-24-227-227-207-226-243-207-226-243-207-226-243-207-226-243-207-226-243-207-226-243-207-226-243-207-226-243-207-226-243-207-226-243-207-226-243-207-226-243-207-226-243-207-226-243-207-226-243-207-226-243-207-226-243-207-226-243-207-226-243-207-226-243-207-226-243-207-226-243-207-226-243-207-226-243-207-226-243-207-226-243-207-226-243-207-226-243-207-226-243-207-226-243-207-226-243-207-226-243-207-226-243-207-226-243-207-226-243-207-226-243-207-226-243-207-226-243-207-226-243-207-226-243-207-226-243-207-226-243-207-226-243-207-226-243-207-226-243-207-226-243-207-226-243-207-226-243-207-226-243-207-226-243-207-226-243-207-226-243-207-226-243-207-226-243-207-226-243-207-226-243-24-227-227-24-227-227-0-0-0-0-0-0-0-0-0-0-0-0-24-227-227-24-227-227-207-226-243-207-226-243-207-226-243-207-226-243-207-226-243-207-226-243-207-226-243-207-226-243-207-226-243-207-226-243-207-226-243-207-226-243-207-226-243-207-226-243-207-226-243-207-226-243-207-226-243-207-226-243-207-226-243-207-226-243-207-226-243-207-226-243-207-226-243-207-226-243-207-226-243-207-226-243-207-226-243-207-226-243-207-226-243-207-226-243-207-226-243-207-226-243-207-226-243-207-226-243-207-226-243-207-226-243-207-226-243-207-226-243-207-226-243-207-226-243-207-226-243-207-226-243-207-226-243-207-226-243-207-226-243-207-226-243-207-226-243-207-226-243-207-226-243-207-226-243-207-226-243-207-226-243-207-226-243-207-226-243-207-226-243-207-226-243-24-227-227-24-227-227-0-0-0-0-0-0-0-0-0-0-0-0-24-227-227-24-227-227-207-226-243-207-226-243-207-226-243-207-226-243-207-226-243-207-226-243-207-226-243-207-226-243-207-226-243-207-226-243-207-226-243-207-226-243-207-226-243-207-226-243-207-226-243-207-226-243-207-226-243-207-226-243-207-226-243-207-226-243-207-226-243-207-226-243-207-226-243-207-226-243-207-226-243-207-226-243-207-226-243-207-226-243-207-226-243-207-226-243-207-226-243-207-226-243-207-226-243-207-226-243-207-226-243-207-226-243-207-226-243-207-226-243-207-226-243-207-226-243-207-226-243-207-226-243-207-226-243-207-226-243-207-226-243-207-226-243-207-226-243-207-226-243-207-226-243-207-226-243-207-226-243-207-226-243-207-226-243-207-226-243-207-226-243-207-226-243-24-227-227-24-227-227-0-0-0-0-0-0-0-0-0-0-0-0-24-227-227-24-227-227-207-226-243-207-226-243-207-226-243-207-226-243-207-226-243-207-226-243-207-226-243-207-226-243-207-226-243-207-226-243-207-226-243-207-226-243-207-226-243-207-226-243-207-226-243-207-226-243-207-226-243-207-226-243-207-226-243-207-226-243-207-226-243-207-226-243-207-226-243-207-226-243-207-226-243-207-226-243-207-226-243-207-226-243-207-226-243-207-226-243-207-226-243-207-226-243-207-226-243-207-226-243-207-226-243-207-226-243-207-226-243-207-226-243-207-226-243-207-226-243-207-226-243-207-226-243-207-226-243-207-226-243-207-226-243-207-226-243-207-226-243-207-226-243-207-226-243-207-226-243-207-226-243-207-226-243-207-226-243-207-226-243-207-226-243-207-226-243-24-227-227-24-227-227-0-0-0-0-0-0-0-0-0-0-0-0-24-227-227-24-227-227-207-226-243-207-226-243-207-226-243-207-226-243-207-226-243-207-226-243-207-226-243-207-226-243-207-226-243-207-226-243-207-226-243-207-226-243-207-226-243-207-226-243-207-226-243-207-226-243-207-226-243-207-226-243-207-226-243-207-226-243-207-226-243-207-226-243-207-226-243-207-226-243-207-226-243-207-226-243-207-226-243-207-226-243-207-226-243-207-226-243-207-226-243-207-226-243-207-226-243-207-226-243-207-226-243-207-226-243-207-226-243-207-226-243-207-226-243-207-226-243-207-226-243-207-226-243-207-226-243-207-226-243-207-226-243-207-226-243-207-226-243-207-226-243-207-226-243-207-226-243-207-226-243-207-226-243-207-226-243-207-226-243-207-226-243-207-226-243-24-227-227-24-227-227-0-0-0-0-0-0-0-0-0-0-0-0-24-227-227-24-227-227-207-226-243-207-226-243-207-226-243-207-226-243-207-226-243-207-226-243-207-226-243-207-226-243-207-226-243-207-226-243-207-226-243-207-226-243-207-226-243-207-226-243-207-226-243-207-226-243-207-226-243-207-226-243-207-226-243-207-226-243-207-226-243-207-226-243-207-226-243-207-226-243-207-226-243-207-226-243-207-226-243-207-226-243-207-226-243-207-226-243-207-226-243-207-226-243-207-226-243-207-226-243-207-226-243-207-226-243-207-226-243-207-226-243-207-226-243-207-226-243-207-226-243-207-226-243-207-226-243-207-226-243-207-226-243-207-226-243-207-226-243-207-226-243-207-226-243-207-226-243-207-226-243-207-226-243-207-226-243-207-226-243-207-226-243-207-226-243-24-227-227-24-227-227-0-0-0-0-0-0-0-0-0-0-0-0-24-227-227-24-227-227-207-226-243-207-226-243-207-226-243-207-226-243-207-226-243-207-226-243-207-226-243-207-226-243-207-226-243-207-226-243-207-226-243-207-226-243-207-226-243-207-226-243-207-226-243-207-226-243-207-226-243-207-226-243-207-226-243-207-226-243-207-226-243-207-226-243-207-226-243-207-226-243-207-226-243-207-226-243-207-226-243-207-226-243-207-226-243-207-226-243-207-226-243-207-226-243-207-226-243-207-226-243-207-226-243-207-226-243-207-226-243-207-226-243-207-226-243-207-226-243-207-226-243-207-226-243-207-226-243-207-226-243-207-226-243-207-226-243-207-226-243-207-226-243-207-226-243-207-226-243-207-226-243-207-226-243-207-226-243-207-226-243-207-226-243-207-226-243-24-227-227-24-227-227-0-0-0-0-0-0-0-0-0-0-0-0-24-227-227-24-227-227-207-226-243-207-226-243-207-226-243-207-226-243-207-226-243-207-226-243-207-226-243-207-226-243-207-226-243-207-226-243-207-226-243-207-226-243-207-226-243-207-226-243-207-226-243-207-226-243-207-226-243-207-226-243-207-226-243-207-226-243-207-226-243-207-226-243-207-226-243-207-226-243-207-226-243-207-226-243-207-226-243-207-226-243-207-226-243-207-226-243-207-226-243-207-226-243-207-226-243-207-226-243-207-226-243-207-226-243-207-226-243-207-226-243-207-226-243-207-226-243-207-226-243-207-226-243-207-226-243-207-226-243-207-226-243-207-226-243-207-226-243-207-226-243-207-226-243-207-226-243-207-226-243-207-226-243-207-226-243-207-226-243-207-226-243-207-226-243-24-227-227-24-227-227-0-0-0-0-0-0-0-0-0-0-0-0-24-227-227-24-227-227-207-226-243-207-226-243-207-226-243-207-226-243-207-226-243-207-226-243-207-226-243-207-226-243-207-226-243-207-226-243-207-226-243-207-226-243-207-226-243-207-226-243-207-226-243-207-226-243-207-226-243-207-226-243-207-226-243-207-226-243-207-226-243-207-226-243-207-226-243-207-226-243-207-226-243-207-226-243-207-226-243-207-226-243-207-226-243-207-226-243-207-226-243-207-226-243-207-226-243-207-226-243-207-226-243-207-226-243-207-226-243-207-226-243-207-226-243-207-226-243-207-226-243-207-226-243-207-226-243-207-226-243-207-226-243-207-226-243-207-226-243-207-226-243-207-226-243-207-226-243-207-226-243-207-226-243-207-226-243-207-226-243-207-226-243-207-226-243-24-227-227-24-227-227-0-0-0-0-0-0-0-0-0-0-0-0-24-227-227-24-227-227-207-226-243-207-226-243-207-226-243-207-226-243-207-226-243-207-226-243-207-226-243-207-226-243-207-226-243-207-226-243-207-226-243-207-226-243-207-226-243-207-226-243-207-226-243-207-226-243-207-226-243-207-226-243-207-226-243-207-226-243-207-226-243-207-226-243-207-226-243-207-226-243-207-226-243-207-226-243-207-226-243-207-226-243-207-226-243-207-226-243-207-226-243-207-226-243-207-226-243-207-226-243-207-226-243-207-226-243-207-226-243-207-226-243-207-226-243-207-226-243-207-226-243-207-226-243-207-226-243-207-226-243-207-226-243-207-226-243-207-226-243-207-226-243-207-226-243-207-226-243-207-226-243-207-226-243-207-226-243-207-226-243-207-226-243-207-226-243-24-227-227-24-227-227-0-0-0-0-0-0-0-0-0-0-0-0-24-227-227-24-227-227-207-226-243-207-226-243-207-226-243-207-226-243-207-226-243-207-226-243-207-226-243-207-226-243-207-226-243-207-226-243-207-226-243-207-226-243-207-226-243-207-226-243-207-226-243-207-226-243-207-226-243-207-226-243-207-226-243-207-226-243-207-226-243-207-226-243-207-226-243-207-226-243-207-226-243-207-226-243-207-226-243-207-226-243-207-226-243-207-226-243-207-226-243-207-226-243-207-226-243-207-226-243-207-226-243-207-226-243-207-226-243-207-226-243-207-226-243-207-226-243-207-226-243-207-226-243-207-226-243-207-226-243-207-226-243-207-226-243-207-226-243-207-226-243-207-226-243-207-226-243-207-226-243-207-226-243-207-226-243-207-226-243-207-226-243-207-226-243-24-227-227-24-227-227-0-0-0-0-0-0-0-0-0-0-0-0-24-227-227-24-227-227-207-226-243-207-226-243-207-226-243-207-226-243-207-226-243-207-226-243-207-226-243-207-226-243-207-226-243-207-226-243-207-226-243-207-226-243-207-226-243-207-226-243-207-226-243-207-226-243-207-226-243-207-226-243-207-226-243-207-226-243-207-226-243-207-226-243-207-226-243-207-226-243-207-226-243-207-226-243-207-226-243-207-226-243-207-226-243-207-226-243-207-226-243-207-226-243-207-226-243-207-226-243-207-226-243-207-226-243-207-226-243-207-226-243-207-226-243-207-226-243-207-226-243-207-226-243-207-226-243-207-226-243-207-226-243-207-226-243-207-226-243-207-226-243-207-226-243-207-226-243-207-226-243-207-226-243-207-226-243-207-226-243-207-226-243-207-226-243-24-227-227-24-227-227-0-0-0-0-0-0-0-0-0-0-0-0-24-227-227-24-227-227-207-226-243-207-226-243-207-226-243-207-226-243-207-226-243-207-226-243-207-226-243-207-226-243-207-226-243-207-226-243-207-226-243-207-226-243-207-226-243-207-226-243-207-226-243-207-226-243-207-226-243-207-226-243-207-226-243-207-226-243-207-226-243-207-226-243-207-226-243-207-226-243-207-226-243-207-226-243-207-226-243-207-226-243-207-226-243-207-226-243-207-226-243-207-226-243-207-226-243-207-226-243-207-226-243-207-226-243-207-226-243-207-226-243-207-226-243-207-226-243-207-226-243-207-226-243-207-226-243-207-226-243-207-226-243-207-226-243-207-226-243-207-226-243-207-226-243-207-226-243-207-226-243-207-226-243-207-226-243-207-226-243-207-226-243-207-226-243-24-227-227-24-227-227-0-0-0-0-0-0-0-0-0-0-0-0-24-227-227-24-227-227-24-227-227-24-227-227-24-227-227-24-227-227-24-227-227-24-227-227-24-227-227-24-227-227-24-227-227-24-227-227-24-227-227-24-227-227-24-227-227-24-227-227-24-227-227-24-227-227-24-227-227-24-227-227-24-227-227-24-227-227-24-227-227-24-227-227-24-227-227-24-227-227-24-227-227-24-227-227-24-227-227-24-227-227-24-227-227-24-227-227-24-227-227-24-227-227-24-227-227-24-227-227-24-227-227-24-227-227-24-227-227-24-227-227-24-227-227-24-227-227-24-227-227-24-227-227-24-227-227-24-227-227-24-227-227-24-227-227-24-227-227-24-227-227-24-227-227-24-227-227-24-227-227-24-227-227-24-227-227-24-227-227-24-227-227-24-227-227-24-227-227-24-227-227-0-0-0-0-0-0-0-0-0-0-0-0-24-227-227-24-227-227-24-227-227-24-227-227-24-227-227-24-227-227-24-227-227-24-227-227-24-227-227-24-227-227-24-227-227-24-227-227-24-227-227-24-227-227-24-227-227-24-227-227-24-227-227-24-227-227-24-227-227-24-227-227-24-227-227-24-227-227-24-227-227-24-227-227-24-227-227-24-227-227-24-227-227-24-227-227-24-227-227-24-227-227-24-227-227-24-227-227-24-227-227-24-227-227-24-227-227-24-227-227-24-227-227-24-227-227-24-227-227-24-227-227-24-227-227-24-227-227-24-227-227-24-227-227-24-227-227-24-227-227-24-227-227-24-227-227-24-227-227-24-227-227-24-227-227-24-227-227-24-227-227-24-227-227-24-227-227-24-227-227-24-227-227-24-227-227-24-227-227-24-227-227-0-0-0-0-0-0-0-0-0-0-0-0-0-0-0-0-0-0-0-0-0-0-0-0-0-0-0-0-0-0-0-0-0-0-0-0-0-0-0-0-0-0-0-0-0-0-0-0-0-0-0-0-0-0-0-0-0-0-0-0-0-0-0-0-0-0-0-0-0-0-0-0-0-0-0-0-0-0-0-0-0-0-0-0-0-0-0-0-0-0-0-0-0-0-0-0-0-0-0-0-0-0-0-0-0-0-0-0-0-0-0-0-0-0-0-0-0-0-0-0-0-0-0-0-0-0-0-0-0-0-0-0-0-0-0-0-0-0-0-0-0-0-0-0-0-0-0-0-0-0-0-0-0-0-0-0-0-0-0-0-0-0-0-0-0-0-0-0-0-0-0-0-0-0-0-0-0-0-0-0-0-0-0-0-0-0-0-0-0-0-0-0-0-0-0-0-0-0-0-0-0-0-0-0-0-0-0-0-0-0-0-0-0-0-0-0-0-0-0-0-0-0-0-0-0-0-0-0-0-0-0-0-0-0-0-0-0-0-0-0-0-0-0-0-0-0-0-0-0-0-0-0-0-0-0-0-0-0-0-0-0-0-0-0-0-0-0-0-0-0-0-0-0-0-0-0-0-0-0-0-0-0-0-0-0-0-0-0-0-0-0-0-0-0-0-0-0-0-0-0-0-0-0-0-0-0-0-0-0-0-0-0-0-0-0-0-0-0-0-0-0-0-0-0-0-0-0-0-0-0-0-0-0-0-0-0-0-0-0-0-0-0-0-0-0-0-0-0-0-0-0-0-0-0-0-0-0-0-0-0-0-0-0-0-0-0-0-0-0-0-0-0-0-0-0-0-0-0-0-0-0-0-0-0-0-0-0-0-0-0');

--
-- Indexes for dumped tables
--

--
-- Indexes for table `event`
--
ALTER TABLE `event`
  ADD PRIMARY KEY (`event_id`);

--
-- Indexes for table `games`
--
ALTER TABLE `games`
  ADD PRIMARY KEY (`game_id`),
  ADD KEY `fk_user_id` (`user_id`);

--
-- Indexes for table `game_key`
--
ALTER TABLE `game_key`
  ADD PRIMARY KEY (`game_key_id`);

--
-- Indexes for table `game_states`
--
ALTER TABLE `game_states`
  ADD PRIMARY KEY (`state_id`),
  ADD KEY `fk_game_id` (`game_id`);

--
-- Indexes for table `state_img`
--
ALTER TABLE `state_img`
  ADD PRIMARY KEY (`state_img_id`);

--
-- Indexes for table `state_pixel`
--
ALTER TABLE `state_pixel`
  ADD PRIMARY KEY (`state_pixel_id`);

--
-- Indexes for table `users`
--
ALTER TABLE `users`
  ADD PRIMARY KEY (`user_id`);

--
-- Indexes for table `user_files`
--
ALTER TABLE `user_files`
  ADD PRIMARY KEY (`file_id`),
  ADD KEY `user_id` (`user_id`),
  ADD KEY `user_id_2` (`user_id`),
  ADD KEY `user_id_3` (`user_id`);

--
-- Indexes for table `user_paints`
--
ALTER TABLE `user_paints`
  ADD PRIMARY KEY (`paint_id`),
  ADD KEY `fk_user_paint_id` (`user_id`);

--
-- AUTO_INCREMENT for dumped tables
--

--
-- AUTO_INCREMENT for table `event`
--
ALTER TABLE `event`
  MODIFY `event_id` int(11) NOT NULL AUTO_INCREMENT, AUTO_INCREMENT=40;
--
-- AUTO_INCREMENT for table `games`
--
ALTER TABLE `games`
  MODIFY `game_id` int(11) NOT NULL AUTO_INCREMENT, AUTO_INCREMENT=18;
--
-- AUTO_INCREMENT for table `game_key`
--
ALTER TABLE `game_key`
  MODIFY `game_key_id` int(11) NOT NULL AUTO_INCREMENT, AUTO_INCREMENT=103;
--
-- AUTO_INCREMENT for table `game_states`
--
ALTER TABLE `game_states`
  MODIFY `state_id` int(11) NOT NULL AUTO_INCREMENT, AUTO_INCREMENT=52;
--
-- AUTO_INCREMENT for table `state_img`
--
ALTER TABLE `state_img`
  MODIFY `state_img_id` int(11) NOT NULL AUTO_INCREMENT, AUTO_INCREMENT=18;
--
-- AUTO_INCREMENT for table `state_pixel`
--
ALTER TABLE `state_pixel`
  MODIFY `state_pixel_id` int(11) NOT NULL AUTO_INCREMENT, AUTO_INCREMENT=242;
--
-- AUTO_INCREMENT for table `users`
--
ALTER TABLE `users`
  MODIFY `user_id` int(11) NOT NULL AUTO_INCREMENT, AUTO_INCREMENT=2;
--
-- AUTO_INCREMENT for table `user_files`
--
ALTER TABLE `user_files`
  MODIFY `file_id` int(11) NOT NULL AUTO_INCREMENT, AUTO_INCREMENT=6;
--
-- AUTO_INCREMENT for table `user_paints`
--
ALTER TABLE `user_paints`
  MODIFY `paint_id` int(11) NOT NULL AUTO_INCREMENT, AUTO_INCREMENT=4;
--
-- Constraints for dumped tables
--

--
-- Constraints for table `games`
--
ALTER TABLE `games`
  ADD CONSTRAINT `fk_user_id` FOREIGN KEY (`user_id`) REFERENCES `users` (`user_id`);

--
-- Constraints for table `game_states`
--
ALTER TABLE `game_states`
  ADD CONSTRAINT `fk_game_state_id` FOREIGN KEY (`game_id`) REFERENCES `games` (`game_id`);

--
-- Constraints for table `user_paints`
--
ALTER TABLE `user_paints`
  ADD CONSTRAINT `fk_user_paint_id` FOREIGN KEY (`user_id`) REFERENCES `users` (`user_id`);

/*!40101 SET CHARACTER_SET_CLIENT=@OLD_CHARACTER_SET_CLIENT */;
/*!40101 SET CHARACTER_SET_RESULTS=@OLD_CHARACTER_SET_RESULTS */;
/*!40101 SET COLLATION_CONNECTION=@OLD_COLLATION_CONNECTION */;
